Record Length,2.500000e+03,,   0.041500000000,  -0.03800,
Sample Interval,1.000000e-05,,   0.041510000000,  -0.03800,
Trigger Point,-4.150000000000e+03,,   0.041520000000,  -0.03800,
,,,   0.041530000000,  -0.03800,
,,,   0.041540000000,  -0.03800,
,,,   0.041550000000,  -0.03800,
Source,CH2,,   0.041560000000,  -0.03800,
Vertical Units,V,,   0.041570000000,  -0.03800,
Vertical Scale,5.000000e-02,,   0.041580000000,  -0.03800,
Vertical Offset,-2.140000e-01,,   0.041590000000,  -0.03800,
Horizontal Units,s,,   0.041600000000,  -0.03800,
Horizontal Scale,2.500000e-03,,   0.041610000000,  -0.03800,
Pt Fmt,Y,,   0.041620000000,  -0.03800,
Yzero,0.000000e+00,,   0.041630000000,  -0.03800,
Probe Atten,1.000000e+00,,   0.041640000000,  -0.03800,
Model Number,TBS1052B,,   0.041650000000,  -0.03800,
Serial Number,C032709,,   0.041660000000,  -0.03800,
Firmware Version,FV:v4.06,,   0.041670000000,  -0.03800,
,,,0.041680000000,  -0.03800,
,,,0.041690000000,  -0.03800,
,,,0.041700000000,  -0.03800,
,,,0.041710000000,  -0.03800,
,,,0.041720000000,  -0.03800,
,,,0.041730000000,  -0.03800,
,,,0.041740000000,  -0.03800,
,,,0.041750000000,  -0.03800,
,,,0.041760000000,  -0.03800,
,,,0.041770000000,  -0.03800,
,,,0.041780000000,  -0.03800,
,,,0.041790000000,  -0.03800,
,,,0.041800000000,  -0.03800,
,,,0.041810000000,  -0.03800,
,,,0.041820000000,  -0.03800,
,,,0.041830000000,  -0.03800,
,,,0.041840000000,  -0.03800,
,,,0.041850000000,  -0.03800,
,,,0.041860000000,  -0.03800,
,,,0.041870000000,  -0.03800,
,,,0.041880000000,  -0.03800,
,,,0.041890000000,  -0.03800,
,,,0.041900000000,  -0.03800,
,,,0.041910000000,  -0.03800,
,,,0.041920000000,  -0.03800,
,,,0.041930000000,  -0.03800,
,,,0.041940000000,  -0.03800,
,,,0.041950000000,  -0.03800,
,,,0.041960000000,  -0.03800,
,,,0.041970000000,  -0.03800,
,,,0.041980000000,  -0.03800,
,,,0.041990000000,  -0.03800,
,,,0.042000000000,  -0.03800,
,,,0.042010000000,  -0.03800,
,,,0.042020000000,  -0.03800,
,,,0.042030000000,  -0.03800,
,,,0.042040000000,  -0.03800,
,,,0.042050000000,  -0.03800,
,,,0.042060000000,  -0.03600,
,,,0.042070000000,  -0.03600,
,,,0.042080000000,  -0.03600,
,,,0.042090000000,  -0.03600,
,,,0.042100000000,  -0.03600,
,,,0.042110000000,  -0.03600,
,,,0.042120000000,  -0.03600,
,,,0.042130000000,  -0.03400,
,,,0.042140000000,  -0.03400,
,,,0.042150000000,  -0.03600,
,,,0.042160000000,  -0.03600,
,,,0.042170000000,  -0.03400,
,,,0.042180000000,  -0.03600,
,,,0.042190000000,  -0.03400,
,,,0.042200000000,  -0.03400,
,,,0.042210000000,  -0.03400,
,,,0.042220000000,  -0.03400,
,,,0.042230000000,  -0.03400,
,,,0.042240000000,  -0.03400,
,,,0.042250000000,  -0.03400,
,,,0.042260000000,  -0.03200,
,,,0.042270000000,  -0.03400,
,,,0.042280000000,  -0.03400,
,,,0.042290000000,  -0.03400,
,,,0.042300000000,  -0.03400,
,,,0.042310000000,  -0.03200,
,,,0.042320000000,  -0.03200,
,,,0.042330000000,  -0.03200,
,,,0.042340000000,  -0.03200,
,,,0.042350000000,  -0.03000,
,,,0.042360000000,  -0.03200,
,,,0.042370000000,  -0.03200,
,,,0.042380000000,  -0.03000,
,,,0.042390000000,  -0.03000,
,,,0.042400000000,  -0.03000,
,,,0.042410000000,  -0.03000,
,,,0.042420000000,  -0.03000,
,,,0.042430000000,  -0.03000,
,,,0.042440000000,  -0.03000,
,,,0.042450000000,  -0.03000,
,,,0.042460000000,  -0.02800,
,,,0.042470000000,  -0.02800,
,,,0.042480000000,  -0.02800,
,,,0.042490000000,  -0.02800,
,,,0.042500000000,  -0.02800,
,,,0.042510000000,  -0.02800,
,,,0.042520000000,  -0.02800,
,,,0.042530000000,  -0.02600,
,,,0.042540000000,  -0.02600,
,,,0.042550000000,  -0.02800,
,,,0.042560000000,  -0.02600,
,,,0.042570000000,  -0.02600,
,,,0.042580000000,  -0.02600,
,,,0.042590000000,  -0.02600,
,,,0.042600000000,  -0.02400,
,,,0.042610000000,  -0.02600,
,,,0.042620000000,  -0.02600,
,,,0.042630000000,  -0.02400,
,,,0.042640000000,  -0.02400,
,,,0.042650000000,  -0.02400,
,,,0.042660000000,  -0.02400,
,,,0.042670000000,  -0.02400,
,,,0.042680000000,  -0.02400,
,,,0.042690000000,  -0.02200,
,,,0.042700000000,  -0.02200,
,,,0.042710000000,  -0.02200,
,,,0.042720000000,  -0.02200,
,,,0.042730000000,  -0.02200,
,,,0.042740000000,  -0.02200,
,,,0.042750000000,  -0.02000,
,,,0.042760000000,  -0.02000,
,,,0.042770000000,  -0.02000,
,,,0.042780000000,  -0.02000,
,,,0.042790000000,  -0.02000,
,,,0.042800000000,  -0.02000,
,,,0.042810000000,  -0.02000,
,,,0.042820000000,  -0.02000,
,,,0.042830000000,  -0.01800,
,,,0.042840000000,  -0.01800,
,,,0.042850000000,  -0.01800,
,,,0.042860000000,  -0.01800,
,,,0.042870000000,  -0.01800,
,,,0.042880000000,  -0.01800,
,,,0.042890000000,  -0.01800,
,,,0.042900000000,  -0.01600,
,,,0.042910000000,  -0.01800,
,,,0.042920000000,  -0.01600,
,,,0.042930000000,  -0.01600,
,,,0.042940000000,  -0.01600,
,,,0.042950000000,  -0.01600,
,,,0.042960000000,  -0.01600,
,,,0.042970000000,  -0.01400,
,,,0.042980000000,  -0.01600,
,,,0.042990000000,  -0.01400,
,,,0.043000000000,  -0.01400,
,,,0.043010000000,  -0.01400,
,,,0.043020000000,  -0.01400,
,,,0.043030000000,  -0.01200,
,,,0.043040000000,  -0.01200,
,,,0.043050000000,  -0.01200,
,,,0.043060000000,  -0.01200,
,,,0.043070000000,  -0.01200,
,,,0.043080000000,  -0.01200,
,,,0.043090000000,  -0.01200,
,,,0.043100000000,  -0.01200,
,,,0.043110000000,  -0.01000,
,,,0.043120000000,  -0.01000,
,,,0.043130000000,  -0.01200,
,,,0.043140000000,  -0.01000,
,,,0.043150000000,  -0.01000,
,,,0.043160000000,  -0.01000,
,,,0.043170000000,  -0.00800,
,,,0.043180000000,  -0.01000,
,,,0.043190000000,  -0.01000,
,,,0.043200000000,  -0.00800,
,,,0.043210000000,  -0.00800,
,,,0.043220000000,  -0.00800,
,,,0.043230000000,  -0.00800,
,,,0.043240000000,  -0.00800,
,,,0.043250000000,  -0.00800,
,,,0.043260000000,  -0.00600,
,,,0.043270000000,  -0.00600,
,,,0.043280000000,  -0.00600,
,,,0.043290000000,  -0.00600,
,,,0.043300000000,  -0.00400,
,,,0.043310000000,  -0.00400,
,,,0.043320000000,  -0.00400,
,,,0.043330000000,  -0.00400,
,,,0.043340000000,  -0.00400,
,,,0.043350000000,  -0.00400,
,,,0.043360000000,  -0.00400,
,,,0.043370000000,  -0.00400,
,,,0.043380000000,  -0.00400,
,,,0.043390000000,  -0.00200,
,,,0.043400000000,  -0.00200,
,,,0.043410000000,  -0.00200,
,,,0.043420000000,  -0.00200,
,,,0.043430000000,  -0.00200,
,,,0.043440000000,  -0.00200,
,,,0.043450000000,   0.00000,
,,,0.043460000000,   0.00000,
,,,0.043470000000,   0.00000,
,,,0.043480000000,   0.00000,
,,,0.043490000000,   0.00000,
,,,0.043500000000,   0.00000,
,,,0.043510000000,   0.00000,
,,,0.043520000000,   0.00000,
,,,0.043530000000,   0.00000,
,,,0.043540000000,   0.00200,
,,,0.043550000000,   0.00200,
,,,0.043560000000,   0.00200,
,,,0.043570000000,   0.00200,
,,,0.043580000000,   0.00200,
,,,0.043590000000,   0.00200,
,,,0.043600000000,   0.00400,
,,,0.043610000000,   0.00400,
,,,0.043620000000,   0.00400,
,,,0.043630000000,   0.00400,
,,,0.043640000000,   0.00400,
,,,0.043650000000,   0.00400,
,,,0.043660000000,   0.00600,
,,,0.043670000000,   0.00600,
,,,0.043680000000,   0.00600,
,,,0.043690000000,   0.00600,
,,,0.043700000000,   0.00600,
,,,0.043710000000,   0.00600,
,,,0.043720000000,   0.00600,
,,,0.043730000000,   0.00600,
,,,0.043740000000,   0.00600,
,,,0.043750000000,   0.00800,
,,,0.043760000000,   0.00800,
,,,0.043770000000,   0.00800,
,,,0.043780000000,   0.00800,
,,,0.043790000000,   0.00800,
,,,0.043800000000,   0.01000,
,,,0.043810000000,   0.01000,
,,,0.043820000000,   0.01000,
,,,0.043830000000,   0.01000,
,,,0.043840000000,   0.01000,
,,,0.043850000000,   0.01200,
,,,0.043860000000,   0.01000,
,,,0.043870000000,   0.01200,
,,,0.043880000000,   0.01000,
,,,0.043890000000,   0.01200,
,,,0.043900000000,   0.01200,
,,,0.043910000000,   0.01200,
,,,0.043920000000,   0.01200,
,,,0.043930000000,   0.01200,
,,,0.043940000000,   0.01400,
,,,0.043950000000,   0.01400,
,,,0.043960000000,   0.01200,
,,,0.043970000000,   0.01400,
,,,0.043980000000,   0.01400,
,,,0.043990000000,   0.01400,
,,,0.044000000000,   0.01400,
,,,0.044010000000,   0.01400,
,,,0.044020000000,   0.01400,
,,,0.044030000000,   0.01600,
,,,0.044040000000,   0.01600,
,,,0.044050000000,   0.01600,
,,,0.044060000000,   0.01600,
,,,0.044070000000,   0.01600,
,,,0.044080000000,   0.01600,
,,,0.044090000000,   0.01600,
,,,0.044100000000,   0.01600,
,,,0.044110000000,   0.01800,
,,,0.044120000000,   0.01800,
,,,0.044130000000,   0.01800,
,,,0.044140000000,   0.01800,
,,,0.044150000000,   0.01800,
,,,0.044160000000,   0.01800,
,,,0.044170000000,   0.01800,
,,,0.044180000000,   0.02000,
,,,0.044190000000,   0.01800,
,,,0.044200000000,   0.01800,
,,,0.044210000000,   0.02000,
,,,0.044220000000,   0.02000,
,,,0.044230000000,   0.02000,
,,,0.044240000000,   0.02000,
,,,0.044250000000,   0.02000,
,,,0.044260000000,   0.02000,
,,,0.044270000000,   0.02000,
,,,0.044280000000,   0.02200,
,,,0.044290000000,   0.02000,
,,,0.044300000000,   0.02200,
,,,0.044310000000,   0.02200,
,,,0.044320000000,   0.02200,
,,,0.044330000000,   0.02200,
,,,0.044340000000,   0.02200,
,,,0.044350000000,   0.02400,
,,,0.044360000000,   0.02400,
,,,0.044370000000,   0.02400,
,,,0.044380000000,   0.02400,
,,,0.044390000000,   0.02400,
,,,0.044400000000,   0.02400,
,,,0.044410000000,   0.02400,
,,,0.044420000000,   0.02600,
,,,0.044430000000,   0.02400,
,,,0.044440000000,   0.02600,
,,,0.044450000000,   0.02600,
,,,0.044460000000,   0.02600,
,,,0.044470000000,   0.02600,
,,,0.044480000000,   0.02600,
,,,0.044490000000,   0.02600,
,,,0.044500000000,   0.02600,
,,,0.044510000000,   0.02800,
,,,0.044520000000,   0.02800,
,,,0.044530000000,   0.02800,
,,,0.044540000000,   0.02800,
,,,0.044550000000,   0.02800,
,,,0.044560000000,   0.02800,
,,,0.044570000000,   0.03000,
,,,0.044580000000,   0.03000,
,,,0.044590000000,   0.03000,
,,,0.044600000000,   0.03000,
,,,0.044610000000,   0.03000,
,,,0.044620000000,   0.03000,
,,,0.044630000000,   0.03000,
,,,0.044640000000,   0.03000,
,,,0.044650000000,   0.03200,
,,,0.044660000000,   0.03200,
,,,0.044670000000,   0.03200,
,,,0.044680000000,   0.03200,
,,,0.044690000000,   0.03400,
,,,0.044700000000,   0.03200,
,,,0.044710000000,   0.03200,
,,,0.044720000000,   0.03400,
,,,0.044730000000,   0.03400,
,,,0.044740000000,   0.03400,
,,,0.044750000000,   0.03400,
,,,0.044760000000,   0.03400,
,,,0.044770000000,   0.03400,
,,,0.044780000000,   0.03400,
,,,0.044790000000,   0.03600,
,,,0.044800000000,   0.03600,
,,,0.044810000000,   0.03600,
,,,0.044820000000,   0.03600,
,,,0.044830000000,   0.03600,
,,,0.044840000000,   0.03600,
,,,0.044850000000,   0.03600,
,,,0.044860000000,   0.03600,
,,,0.044870000000,   0.03800,
,,,0.044880000000,   0.03800,
,,,0.044890000000,   0.03800,
,,,0.044900000000,   0.03800,
,,,0.044910000000,   0.03800,
,,,0.044920000000,   0.03800,
,,,0.044930000000,   0.03800,
,,,0.044940000000,   0.04000,
,,,0.044950000000,   0.04000,
,,,0.044960000000,   0.03800,
,,,0.044970000000,   0.03800,
,,,0.044980000000,   0.04000,
,,,0.044990000000,   0.04000,
,,,0.045000000000,   0.04000,
,,,0.045010000000,   0.04200,
,,,0.045020000000,   0.04000,
,,,0.045030000000,   0.04200,
,,,0.045040000000,   0.04200,
,,,0.045050000000,   0.04200,
,,,0.045060000000,   0.04200,
,,,0.045070000000,   0.04200,
,,,0.045080000000,   0.04200,
,,,0.045090000000,   0.04400,
,,,0.045100000000,   0.04400,
,,,0.045110000000,   0.04400,
,,,0.045120000000,   0.04400,
,,,0.045130000000,   0.04400,
,,,0.045140000000,   0.04400,
,,,0.045150000000,   0.04400,
,,,0.045160000000,   0.04600,
,,,0.045170000000,   0.04400,
,,,0.045180000000,   0.04600,
,,,0.045190000000,   0.04600,
,,,0.045200000000,   0.04600,
,,,0.045210000000,   0.04600,
,,,0.045220000000,   0.04800,
,,,0.045230000000,   0.04600,
,,,0.045240000000,   0.04800,
,,,0.045250000000,   0.04800,
,,,0.045260000000,   0.04800,
,,,0.045270000000,   0.04800,
,,,0.045280000000,   0.04800,
,,,0.045290000000,   0.04800,
,,,0.045300000000,   0.04800,
,,,0.045310000000,   0.05000,
,,,0.045320000000,   0.05000,
,,,0.045330000000,   0.05000,
,,,0.045340000000,   0.05000,
,,,0.045350000000,   0.05000,
,,,0.045360000000,   0.05000,
,,,0.045370000000,   0.05000,
,,,0.045380000000,   0.05000,
,,,0.045390000000,   0.05000,
,,,0.045400000000,   0.05200,
,,,0.045410000000,   0.05200,
,,,0.045420000000,   0.05200,
,,,0.045430000000,   0.05200,
,,,0.045440000000,   0.05200,
,,,0.045450000000,   0.05400,
,,,0.045460000000,   0.05200,
,,,0.045470000000,   0.05200,
,,,0.045480000000,   0.05400,
,,,0.045490000000,   0.05400,
,,,0.045500000000,   0.05400,
,,,0.045510000000,   0.05400,
,,,0.045520000000,   0.05400,
,,,0.045530000000,   0.05400,
,,,0.045540000000,   0.05600,
,,,0.045550000000,   0.05600,
,,,0.045560000000,   0.05600,
,,,0.045570000000,   0.05600,
,,,0.045580000000,   0.05600,
,,,0.045590000000,   0.05600,
,,,0.045600000000,   0.05600,
,,,0.045610000000,   0.05800,
,,,0.045620000000,   0.05800,
,,,0.045630000000,   0.05800,
,,,0.045640000000,   0.05800,
,,,0.045650000000,   0.05800,
,,,0.045660000000,   0.05800,
,,,0.045670000000,   0.05800,
,,,0.045680000000,   0.05800,
,,,0.045690000000,   0.06000,
,,,0.045700000000,   0.06000,
,,,0.045710000000,   0.06000,
,,,0.045720000000,   0.06000,
,,,0.045730000000,   0.06000,
,,,0.045740000000,   0.06000,
,,,0.045750000000,   0.06000,
,,,0.045760000000,   0.06200,
,,,0.045770000000,   0.06000,
,,,0.045780000000,   0.06200,
,,,0.045790000000,   0.06000,
,,,0.045800000000,   0.06000,
,,,0.045810000000,   0.06200,
,,,0.045820000000,   0.06200,
,,,0.045830000000,   0.06200,
,,,0.045840000000,   0.06200,
,,,0.045850000000,   0.06200,
,,,0.045860000000,   0.06200,
,,,0.045870000000,   0.06400,
,,,0.045880000000,   0.06400,
,,,0.045890000000,   0.06400,
,,,0.045900000000,   0.06400,
,,,0.045910000000,   0.06400,
,,,0.045920000000,   0.06400,
,,,0.045930000000,   0.06400,
,,,0.045940000000,   0.06400,
,,,0.045950000000,   0.06600,
,,,0.045960000000,   0.06600,
,,,0.045970000000,   0.06600,
,,,0.045980000000,   0.06600,
,,,0.045990000000,   0.06600,
,,,0.046000000000,   0.06600,
,,,0.046010000000,   0.06600,
,,,0.046020000000,   0.06600,
,,,0.046030000000,   0.06600,
,,,0.046040000000,   0.06800,
,,,0.046050000000,   0.06800,
,,,0.046060000000,   0.06800,
,,,0.046070000000,   0.06800,
,,,0.046080000000,   0.06800,
,,,0.046090000000,   0.06800,
,,,0.046100000000,   0.06800,
,,,0.046110000000,   0.06800,
,,,0.046120000000,   0.06800,
,,,0.046130000000,   0.06800,
,,,0.046140000000,   0.07000,
,,,0.046150000000,   0.07000,
,,,0.046160000000,   0.07000,
,,,0.046170000000,   0.06800,
,,,0.046180000000,   0.07000,
,,,0.046190000000,   0.07000,
,,,0.046200000000,   0.07200,
,,,0.046210000000,   0.07000,
,,,0.046220000000,   0.07000,
,,,0.046230000000,   0.07000,
,,,0.046240000000,   0.07000,
,,,0.046250000000,   0.07200,
,,,0.046260000000,   0.07200,
,,,0.046270000000,   0.07200,
,,,0.046280000000,   0.07400,
,,,0.046290000000,   0.07200,
,,,0.046300000000,   0.07200,
,,,0.046310000000,   0.07200,
,,,0.046320000000,   0.07400,
,,,0.046330000000,   0.07200,
,,,0.046340000000,   0.07400,
,,,0.046350000000,   0.07400,
,,,0.046360000000,   0.07400,
,,,0.046370000000,   0.07400,
,,,0.046380000000,   0.07400,
,,,0.046390000000,   0.07400,
,,,0.046400000000,   0.07600,
,,,0.046410000000,   0.07600,
,,,0.046420000000,   0.07400,
,,,0.046430000000,   0.07600,
,,,0.046440000000,   0.07600,
,,,0.046450000000,   0.07600,
,,,0.046460000000,   0.07600,
,,,0.046470000000,   0.07600,
,,,0.046480000000,   0.07600,
,,,0.046490000000,   0.07600,
,,,0.046500000000,   0.07800,
,,,0.046510000000,   0.07800,
,,,0.046520000000,   0.07800,
,,,0.046530000000,   0.07800,
,,,0.046540000000,   0.07800,
,,,0.046550000000,   0.07800,
,,,0.046560000000,   0.07800,
,,,0.046570000000,   0.07800,
,,,0.046580000000,   0.08000,
,,,0.046590000000,   0.08000,
,,,0.046600000000,   0.07800,
,,,0.046610000000,   0.08000,
,,,0.046620000000,   0.07800,
,,,0.046630000000,   0.08000,
,,,0.046640000000,   0.08000,
,,,0.046650000000,   0.08000,
,,,0.046660000000,   0.08000,
,,,0.046670000000,   0.08000,
,,,0.046680000000,   0.08000,
,,,0.046690000000,   0.08200,
,,,0.046700000000,   0.08200,
,,,0.046710000000,   0.08200,
,,,0.046720000000,   0.08200,
,,,0.046730000000,   0.08200,
,,,0.046740000000,   0.08200,
,,,0.046750000000,   0.08200,
,,,0.046760000000,   0.08200,
,,,0.046770000000,   0.08400,
,,,0.046780000000,   0.08400,
,,,0.046790000000,   0.08400,
,,,0.046800000000,   0.08400,
,,,0.046810000000,   0.08400,
,,,0.046820000000,   0.08400,
,,,0.046830000000,   0.08400,
,,,0.046840000000,   0.08600,
,,,0.046850000000,   0.08400,
,,,0.046860000000,   0.08600,
,,,0.046870000000,   0.08400,
,,,0.046880000000,   0.08400,
,,,0.046890000000,   0.08600,
,,,0.046900000000,   0.08600,
,,,0.046910000000,   0.08600,
,,,0.046920000000,   0.08600,
,,,0.046930000000,   0.08600,
,,,0.046940000000,   0.08600,
,,,0.046950000000,   0.08600,
,,,0.046960000000,   0.08800,
,,,0.046970000000,   0.08800,
,,,0.046980000000,   0.08800,
,,,0.046990000000,   0.08800,
,,,0.047000000000,   0.08800,
,,,0.047010000000,   0.08800,
,,,0.047020000000,   0.08800,
,,,0.047030000000,   0.08800,
,,,0.047040000000,   0.08800,
,,,0.047050000000,   0.08800,
,,,0.047060000000,   0.09000,
,,,0.047070000000,   0.08800,
,,,0.047080000000,   0.09000,
,,,0.047090000000,   0.09000,
,,,0.047100000000,   0.09000,
,,,0.047110000000,   0.09000,
,,,0.047120000000,   0.09000,
,,,0.047130000000,   0.09000,
,,,0.047140000000,   0.09000,
,,,0.047150000000,   0.09200,
,,,0.047160000000,   0.09200,
,,,0.047170000000,   0.09200,
,,,0.047180000000,   0.09200,
,,,0.047190000000,   0.09200,
,,,0.047200000000,   0.09200,
,,,0.047210000000,   0.09200,
,,,0.047220000000,   0.09400,
,,,0.047230000000,   0.09400,
,,,0.047240000000,   0.09200,
,,,0.047250000000,   0.09400,
,,,0.047260000000,   0.09400,
,,,0.047270000000,   0.09400,
,,,0.047280000000,   0.09400,
,,,0.047290000000,   0.09400,
,,,0.047300000000,   0.09600,
,,,0.047310000000,   0.09400,
,,,0.047320000000,   0.09600,
,,,0.047330000000,   0.09600,
,,,0.047340000000,   0.09600,
,,,0.047350000000,   0.09800,
,,,0.047360000000,   0.09800,
,,,0.047370000000,   0.09800,
,,,0.047380000000,   0.09600,
,,,0.047390000000,   0.09600,
,,,0.047400000000,   0.09800,
,,,0.047410000000,   0.09800,
,,,0.047420000000,   0.10000,
,,,0.047430000000,   0.10000,
,,,0.047440000000,   0.10000,
,,,0.047450000000,   0.10000,
,,,0.047460000000,   0.10000,
,,,0.047470000000,   0.10000,
,,,0.047480000000,   0.10000,
,,,0.047490000000,   0.10200,
,,,0.047500000000,   0.10000,
,,,0.047510000000,   0.10000,
,,,0.047520000000,   0.10000,
,,,0.047530000000,   0.10200,
,,,0.047540000000,   0.10200,
,,,0.047550000000,   0.10200,
,,,0.047560000000,   0.10200,
,,,0.047570000000,   0.10200,
,,,0.047580000000,   0.10200,
,,,0.047590000000,   0.10200,
,,,0.047600000000,   0.10200,
,,,0.047610000000,   0.10400,
,,,0.047620000000,   0.10400,
,,,0.047630000000,   0.10400,
,,,0.047640000000,   0.10400,
,,,0.047650000000,   0.10400,
,,,0.047660000000,   0.10400,
,,,0.047670000000,   0.10400,
,,,0.047680000000,   0.10600,
,,,0.047690000000,   0.10400,
,,,0.047700000000,   0.10400,
,,,0.047710000000,   0.10400,
,,,0.047720000000,   0.10600,
,,,0.047730000000,   0.10600,
,,,0.047740000000,   0.10600,
,,,0.047750000000,   0.10600,
,,,0.047760000000,   0.10600,
,,,0.047770000000,   0.10600,
,,,0.047780000000,   0.10600,
,,,0.047790000000,   0.10600,
,,,0.047800000000,   0.10800,
,,,0.047810000000,   0.10800,
,,,0.047820000000,   0.10800,
,,,0.047830000000,   0.10800,
,,,0.047840000000,   0.10800,
,,,0.047850000000,   0.10800,
,,,0.047860000000,   0.11000,
,,,0.047870000000,   0.10800,
,,,0.047880000000,   0.11000,
,,,0.047890000000,   0.11000,
,,,0.047900000000,   0.11000,
,,,0.047910000000,   0.11000,
,,,0.047920000000,   0.11000,
,,,0.047930000000,   0.11200,
,,,0.047940000000,   0.11200,
,,,0.047950000000,   0.11200,
,,,0.047960000000,   0.11400,
,,,0.047970000000,   0.11400,
,,,0.047980000000,   0.11400,
,,,0.047990000000,   0.11400,
,,,0.048000000000,   0.11600,
,,,0.048010000000,   0.11600,
,,,0.048020000000,   0.11600,
,,,0.048030000000,   0.11800,
,,,0.048040000000,   0.11800,
,,,0.048050000000,   0.11800,
,,,0.048060000000,   0.12000,
,,,0.048070000000,   0.12000,
,,,0.048080000000,   0.12000,
,,,0.048090000000,   0.12200,
,,,0.048100000000,   0.12200,
,,,0.048110000000,   0.12400,
,,,0.048120000000,   0.12400,
,,,0.048130000000,   0.12400,
,,,0.048140000000,   0.12400,
,,,0.048150000000,   0.12600,
,,,0.048160000000,   0.12600,
,,,0.048170000000,   0.12800,
,,,0.048180000000,   0.12800,
,,,0.048190000000,   0.12800,
,,,0.048200000000,   0.12800,
,,,0.048210000000,   0.13000,
,,,0.048220000000,   0.13000,
,,,0.048230000000,   0.13000,
,,,0.048240000000,   0.13000,
,,,0.048250000000,   0.13200,
,,,0.048260000000,   0.13200,
,,,0.048270000000,   0.13200,
,,,0.048280000000,   0.13200,
,,,0.048290000000,   0.13400,
,,,0.048300000000,   0.13400,
,,,0.048310000000,   0.13400,
,,,0.048320000000,   0.13600,
,,,0.048330000000,   0.13600,
,,,0.048340000000,   0.13600,
,,,0.048350000000,   0.13600,
,,,0.048360000000,   0.13600,
,,,0.048370000000,   0.13600,
,,,0.048380000000,   0.13600,
,,,0.048390000000,   0.13800,
,,,0.048400000000,   0.13800,
,,,0.048410000000,   0.13800,
,,,0.048420000000,   0.13800,
,,,0.048430000000,   0.14000,
,,,0.048440000000,   0.14000,
,,,0.048450000000,   0.14000,
,,,0.048460000000,   0.14000,
,,,0.048470000000,   0.14000,
,,,0.048480000000,   0.14000,
,,,0.048490000000,   0.14200,
,,,0.048500000000,   0.14200,
,,,0.048510000000,   0.14200,
,,,0.048520000000,   0.14400,
,,,0.048530000000,   0.14400,
,,,0.048540000000,   0.14400,
,,,0.048550000000,   0.14400,
,,,0.048560000000,   0.14600,
,,,0.048570000000,   0.14600,
,,,0.048580000000,   0.14600,
,,,0.048590000000,   0.14600,
,,,0.048600000000,   0.14800,
,,,0.048610000000,   0.14800,
,,,0.048620000000,   0.14800,
,,,0.048630000000,   0.14800,
,,,0.048640000000,   0.15000,
,,,0.048650000000,   0.14800,
,,,0.048660000000,   0.15000,
,,,0.048670000000,   0.15000,
,,,0.048680000000,   0.15200,
,,,0.048690000000,   0.15200,
,,,0.048700000000,   0.15200,
,,,0.048710000000,   0.15000,
,,,0.048720000000,   0.15200,
,,,0.048730000000,   0.15200,
,,,0.048740000000,   0.15200,
,,,0.048750000000,   0.15400,
,,,0.048760000000,   0.15400,
,,,0.048770000000,   0.15400,
,,,0.048780000000,   0.15400,
,,,0.048790000000,   0.15400,
,,,0.048800000000,   0.15400,
,,,0.048810000000,   0.15600,
,,,0.048820000000,   0.15400,
,,,0.048830000000,   0.15600,
,,,0.048840000000,   0.15600,
,,,0.048850000000,   0.15600,
,,,0.048860000000,   0.15800,
,,,0.048870000000,   0.15800,
,,,0.048880000000,   0.15800,
,,,0.048890000000,   0.15800,
,,,0.048900000000,   0.15600,
,,,0.048910000000,   0.15800,
,,,0.048920000000,   0.15800,
,,,0.048930000000,   0.16000,
,,,0.048940000000,   0.16000,
,,,0.048950000000,   0.16000,
,,,0.048960000000,   0.16000,
,,,0.048970000000,   0.16000,
,,,0.048980000000,   0.16000,
,,,0.048990000000,   0.16000,
,,,0.049000000000,   0.16200,
,,,0.049010000000,   0.16200,
,,,0.049020000000,   0.16200,
,,,0.049030000000,   0.16200,
,,,0.049040000000,   0.16200,
,,,0.049050000000,   0.16200,
,,,0.049060000000,   0.16400,
,,,0.049070000000,   0.16400,
,,,0.049080000000,   0.16400,
,,,0.049090000000,   0.16400,
,,,0.049100000000,   0.16400,
,,,0.049110000000,   0.16400,
,,,0.049120000000,   0.16600,
,,,0.049130000000,   0.16600,
,,,0.049140000000,   0.16600,
,,,0.049150000000,   0.16600,
,,,0.049160000000,   0.16600,
,,,0.049170000000,   0.16600,
,,,0.049180000000,   0.16600,
,,,0.049190000000,   0.16600,
,,,0.049200000000,   0.16800,
,,,0.049210000000,   0.16800,
,,,0.049220000000,   0.16600,
,,,0.049230000000,   0.16800,
,,,0.049240000000,   0.16800,
,,,0.049250000000,   0.16800,
,,,0.049260000000,   0.16800,
,,,0.049270000000,   0.16800,
,,,0.049280000000,   0.16800,
,,,0.049290000000,   0.16800,
,,,0.049300000000,   0.17000,
,,,0.049310000000,   0.16800,
,,,0.049320000000,   0.17000,
,,,0.049330000000,   0.16800,
,,,0.049340000000,   0.16800,
,,,0.049350000000,   0.16800,
,,,0.049360000000,   0.16800,
,,,0.049370000000,   0.17000,
,,,0.049380000000,   0.17000,
,,,0.049390000000,   0.17000,
,,,0.049400000000,   0.16800,
,,,0.049410000000,   0.16800,
,,,0.049420000000,   0.16600,
,,,0.049430000000,   0.16800,
,,,0.049440000000,   0.16800,
,,,0.049450000000,   0.16800,
,,,0.049460000000,   0.16800,
,,,0.049470000000,   0.16600,
,,,0.049480000000,   0.16600,
,,,0.049490000000,   0.16600,
,,,0.049500000000,   0.16600,
,,,0.049510000000,   0.16600,
,,,0.049520000000,   0.16600,
,,,0.049530000000,   0.16400,
,,,0.049540000000,   0.16200,
,,,0.049550000000,   0.16200,
,,,0.049560000000,   0.16200,
,,,0.049570000000,   0.16200,
,,,0.049580000000,   0.16200,
,,,0.049590000000,   0.16000,
,,,0.049600000000,   0.15800,
,,,0.049610000000,   0.15600,
,,,0.049620000000,   0.15600,
,,,0.049630000000,   0.15600,
,,,0.049640000000,   0.15600,
,,,0.049650000000,   0.15400,
,,,0.049660000000,   0.15400,
,,,0.049670000000,   0.15200,
,,,0.049680000000,   0.15200,
,,,0.049690000000,   0.15200,
,,,0.049700000000,   0.15200,
,,,0.049710000000,   0.15200,
,,,0.049720000000,   0.15400,
,,,0.049730000000,   0.15400,
,,,0.049740000000,   0.15200,
,,,0.049750000000,   0.15400,
,,,0.049760000000,   0.15400,
,,,0.049770000000,   0.15600,
,,,0.049780000000,   0.15800,
,,,0.049790000000,   0.15800,
,,,0.049800000000,   0.16200,
,,,0.049810000000,   0.16200,
,,,0.049820000000,   0.16000,
,,,0.049830000000,   0.16400,
,,,0.049840000000,   0.16600,
,,,0.049850000000,   0.16800,
,,,0.049860000000,   0.17000,
,,,0.049870000000,   0.17200,
,,,0.049880000000,   0.17200,
,,,0.049890000000,   0.17400,
,,,0.049900000000,   0.17400,
,,,0.049910000000,   0.17600,
,,,0.049920000000,   0.17800,
,,,0.049930000000,   0.18000,
,,,0.049940000000,   0.18200,
,,,0.049950000000,   0.18400,
,,,0.049960000000,   0.18400,
,,,0.049970000000,   0.18600,
,,,0.049980000000,   0.18600,
,,,0.049990000000,   0.19000,
,,,0.050000000000,   0.19000,
,,,0.050010000000,   0.19200,
,,,0.050020000000,   0.19200,
,,,0.050030000000,   0.19400,
,,,0.050040000000,   0.19400,
,,,0.050050000000,   0.19600,
,,,0.050060000000,   0.19800,
,,,0.050070000000,   0.19800,
,,,0.050080000000,   0.20000,
,,,0.050090000000,   0.20000,
,,,0.050100000000,   0.20200,
,,,0.050110000000,   0.20200,
,,,0.050120000000,   0.20400,
,,,0.050130000000,   0.20400,
,,,0.050140000000,   0.20400,
,,,0.050150000000,   0.20600,
,,,0.050160000000,   0.20800,
,,,0.050170000000,   0.20800,
,,,0.050180000000,   0.20800,
,,,0.050190000000,   0.21000,
,,,0.050200000000,   0.21000,
,,,0.050210000000,   0.21200,
,,,0.050220000000,   0.21200,
,,,0.050230000000,   0.21400,
,,,0.050240000000,   0.21400,
,,,0.050250000000,   0.21600,
,,,0.050260000000,   0.21600,
,,,0.050270000000,   0.21800,
,,,0.050280000000,   0.21800,
,,,0.050290000000,   0.21800,
,,,0.050300000000,   0.21800,
,,,0.050310000000,   0.22000,
,,,0.050320000000,   0.22000,
,,,0.050330000000,   0.22200,
,,,0.050340000000,   0.22200,
,,,0.050350000000,   0.22200,
,,,0.050360000000,   0.22400,
,,,0.050370000000,   0.22400,
,,,0.050380000000,   0.22400,
,,,0.050390000000,   0.22600,
,,,0.050400000000,   0.22600,
,,,0.050410000000,   0.22600,
,,,0.050420000000,   0.22800,
,,,0.050430000000,   0.22800,
,,,0.050440000000,   0.22800,
,,,0.050450000000,   0.22800,
,,,0.050460000000,   0.23000,
,,,0.050470000000,   0.23000,
,,,0.050480000000,   0.23000,
,,,0.050490000000,   0.23000,
,,,0.050500000000,   0.23000,
,,,0.050510000000,   0.23000,
,,,0.050520000000,   0.23200,
,,,0.050530000000,   0.23200,
,,,0.050540000000,   0.23200,
,,,0.050550000000,   0.23200,
,,,0.050560000000,   0.23200,
,,,0.050570000000,   0.23400,
,,,0.050580000000,   0.23600,
,,,0.050590000000,   0.23600,
,,,0.050600000000,   0.23600,
,,,0.050610000000,   0.23800,
,,,0.050620000000,   0.23600,
,,,0.050630000000,   0.23600,
,,,0.050640000000,   0.23800,
,,,0.050650000000,   0.23800,
,,,0.050660000000,   0.23800,
,,,0.050670000000,   0.24000,
,,,0.050680000000,   0.23800,
,,,0.050690000000,   0.23800,
,,,0.050700000000,   0.24000,
,,,0.050710000000,   0.24200,
,,,0.050720000000,   0.24200,
,,,0.050730000000,   0.24200,
,,,0.050740000000,   0.24200,
,,,0.050750000000,   0.24200,
,,,0.050760000000,   0.24200,
,,,0.050770000000,   0.24200,
,,,0.050780000000,   0.24200,
,,,0.050790000000,   0.24400,
,,,0.050800000000,   0.24400,
,,,0.050810000000,   0.24200,
,,,0.050820000000,   0.24200,
,,,0.050830000000,   0.24600,
,,,0.050840000000,   0.24600,
,,,0.050850000000,   0.24600,
,,,0.050860000000,   0.24600,
,,,0.050870000000,   0.24600,
,,,0.050880000000,   0.24600,
,,,0.050890000000,   0.24600,
,,,0.050900000000,   0.24600,
,,,0.050910000000,   0.24800,
,,,0.050920000000,   0.24800,
,,,0.050930000000,   0.24800,
,,,0.050940000000,   0.24800,
,,,0.050950000000,   0.24800,
,,,0.050960000000,   0.24800,
,,,0.050970000000,   0.25000,
,,,0.050980000000,   0.24800,
,,,0.050990000000,   0.24800,
,,,0.051000000000,   0.24800,
,,,0.051010000000,   0.24800,
,,,0.051020000000,   0.24800,
,,,0.051030000000,   0.24800,
,,,0.051040000000,   0.24800,
,,,0.051050000000,   0.24800,
,,,0.051060000000,   0.24800,
,,,0.051070000000,   0.24800,
,,,0.051080000000,   0.24800,
,,,0.051090000000,   0.24800,
,,,0.051100000000,   0.25000,
,,,0.051110000000,   0.24800,
,,,0.051120000000,   0.24800,
,,,0.051130000000,   0.24600,
,,,0.051140000000,   0.24600,
,,,0.051150000000,   0.24600,
,,,0.051160000000,   0.24800,
,,,0.051170000000,   0.24800,
,,,0.051180000000,   0.24600,
,,,0.051190000000,   0.24600,
,,,0.051200000000,   0.24400,
,,,0.051210000000,   0.24400,
,,,0.051220000000,   0.24600,
,,,0.051230000000,   0.24600,
,,,0.051240000000,   0.24400,
,,,0.051250000000,   0.24400,
,,,0.051260000000,   0.24200,
,,,0.051270000000,   0.24000,
,,,0.051280000000,   0.24400,
,,,0.051290000000,   0.24200,
,,,0.051300000000,   0.24000,
,,,0.051310000000,   0.24000,
,,,0.051320000000,   0.23600,
,,,0.051330000000,   0.23600,
,,,0.051340000000,   0.23800,
,,,0.051350000000,   0.23800,
,,,0.051360000000,   0.23600,
,,,0.051370000000,   0.23600,
,,,0.051380000000,   0.23200,
,,,0.051390000000,   0.23000,
,,,0.051400000000,   0.23200,
,,,0.051410000000,   0.23200,
,,,0.051420000000,   0.23000,
,,,0.051430000000,   0.23000,
,,,0.051440000000,   0.23000,
,,,0.051450000000,   0.22800,
,,,0.051460000000,   0.23000,
,,,0.051470000000,   0.23000,
,,,0.051480000000,   0.23000,
,,,0.051490000000,   0.23200,
,,,0.051500000000,   0.23200,
,,,0.051510000000,   0.23200,
,,,0.051520000000,   0.23400,
,,,0.051530000000,   0.23600,
,,,0.051540000000,   0.23600,
,,,0.051550000000,   0.23800,
,,,0.051560000000,   0.23800,
,,,0.051570000000,   0.24000,
,,,0.051580000000,   0.24200,
,,,0.051590000000,   0.24200,
,,,0.051600000000,   0.24400,
,,,0.051610000000,   0.24400,
,,,0.051620000000,   0.24400,
,,,0.051630000000,   0.24600,
,,,0.051640000000,   0.24800,
,,,0.051650000000,   0.24800,
,,,0.051660000000,   0.25000,
,,,0.051670000000,   0.25000,
,,,0.051680000000,   0.25200,
,,,0.051690000000,   0.25200,
,,,0.051700000000,   0.25400,
,,,0.051710000000,   0.25600,
,,,0.051720000000,   0.25600,
,,,0.051730000000,   0.25600,
,,,0.051740000000,   0.25800,
,,,0.051750000000,   0.25800,
,,,0.051760000000,   0.26000,
,,,0.051770000000,   0.26000,
,,,0.051780000000,   0.26000,
,,,0.051790000000,   0.26200,
,,,0.051800000000,   0.26400,
,,,0.051810000000,   0.26200,
,,,0.051820000000,   0.26400,
,,,0.051830000000,   0.26400,
,,,0.051840000000,   0.26600,
,,,0.051850000000,   0.26600,
,,,0.051860000000,   0.26800,
,,,0.051870000000,   0.26600,
,,,0.051880000000,   0.26800,
,,,0.051890000000,   0.26800,
,,,0.051900000000,   0.26800,
,,,0.051910000000,   0.27000,
,,,0.051920000000,   0.27200,
,,,0.051930000000,   0.27200,
,,,0.051940000000,   0.27200,
,,,0.051950000000,   0.27200,
,,,0.051960000000,   0.27000,
,,,0.051970000000,   0.27200,
,,,0.051980000000,   0.27400,
,,,0.051990000000,   0.27400,
,,,0.052000000000,   0.27400,
,,,0.052010000000,   0.27400,
,,,0.052020000000,   0.27400,
,,,0.052030000000,   0.27400,
,,,0.052040000000,   0.27600,
,,,0.052050000000,   0.27600,
,,,0.052060000000,   0.27600,
,,,0.052070000000,   0.27600,
,,,0.052080000000,   0.27600,
,,,0.052090000000,   0.27600,
,,,0.052100000000,   0.27800,
,,,0.052110000000,   0.27800,
,,,0.052120000000,   0.27800,
,,,0.052130000000,   0.27800,
,,,0.052140000000,   0.27800,
,,,0.052150000000,   0.27600,
,,,0.052160000000,   0.27800,
,,,0.052170000000,   0.28000,
,,,0.052180000000,   0.27800,
,,,0.052190000000,   0.28000,
,,,0.052200000000,   0.27800,
,,,0.052210000000,   0.27800,
,,,0.052220000000,   0.28000,
,,,0.052230000000,   0.28000,
,,,0.052240000000,   0.28000,
,,,0.052250000000,   0.28000,
,,,0.052260000000,   0.28000,
,,,0.052270000000,   0.28000,
,,,0.052280000000,   0.27800,
,,,0.052290000000,   0.28000,
,,,0.052300000000,   0.28000,
,,,0.052310000000,   0.28000,
,,,0.052320000000,   0.27800,
,,,0.052330000000,   0.27800,
,,,0.052340000000,   0.27600,
,,,0.052350000000,   0.27800,
,,,0.052360000000,   0.27800,
,,,0.052370000000,   0.27800,
,,,0.052380000000,   0.28000,
,,,0.052390000000,   0.27800,
,,,0.052400000000,   0.27600,
,,,0.052410000000,   0.27600,
,,,0.052420000000,   0.27600,
,,,0.052430000000,   0.27600,
,,,0.052440000000,   0.27800,
,,,0.052450000000,   0.27600,
,,,0.052460000000,   0.27400,
,,,0.052470000000,   0.27200,
,,,0.052480000000,   0.27400,
,,,0.052490000000,   0.27400,
,,,0.052500000000,   0.27400,
,,,0.052510000000,   0.27200,
,,,0.052520000000,   0.27000,
,,,0.052530000000,   0.26800,
,,,0.052540000000,   0.26600,
,,,0.052550000000,   0.26600,
,,,0.052560000000,   0.26800,
,,,0.052570000000,   0.26400,
,,,0.052580000000,   0.26400,
,,,0.052590000000,   0.25800,
,,,0.052600000000,   0.25400,
,,,0.052610000000,   0.25200,
,,,0.052620000000,   0.25600,
,,,0.052630000000,   0.25200,
,,,0.052640000000,   0.24600,
,,,0.052650000000,   0.24200,
,,,0.052660000000,   0.23400,
,,,0.052670000000,   0.23200,
,,,0.052680000000,   0.23400,
,,,0.052690000000,   0.23200,
,,,0.052700000000,   0.22400,
,,,0.052710000000,   0.22200,
,,,0.052720000000,   0.21200,
,,,0.052730000000,   0.20800,
,,,0.052740000000,   0.21000,
,,,0.052750000000,   0.20800,
,,,0.052760000000,   0.20400,
,,,0.052770000000,   0.20400,
,,,0.052780000000,   0.20000,
,,,0.052790000000,   0.19800,
,,,0.052800000000,   0.19800,
,,,0.052810000000,   0.19800,
,,,0.052820000000,   0.20000,
,,,0.052830000000,   0.20000,
,,,0.052840000000,   0.20400,
,,,0.052850000000,   0.20800,
,,,0.052860000000,   0.20800,
,,,0.052870000000,   0.20800,
,,,0.052880000000,   0.21000,
,,,0.052890000000,   0.21400,
,,,0.052900000000,   0.21800,
,,,0.052910000000,   0.22800,
,,,0.052920000000,   0.23000,
,,,0.052930000000,   0.23200,
,,,0.052940000000,   0.23400,
,,,0.052950000000,   0.23800,
,,,0.052960000000,   0.24200,
,,,0.052970000000,   0.24800,
,,,0.052980000000,   0.25200,
,,,0.052990000000,   0.25400,
,,,0.053000000000,   0.25600,
,,,0.053010000000,   0.25800,
,,,0.053020000000,   0.26400,
,,,0.053030000000,   0.26600,
,,,0.053040000000,   0.27000,
,,,0.053050000000,   0.27200,
,,,0.053060000000,   0.27400,
,,,0.053070000000,   0.27600,
,,,0.053080000000,   0.27800,
,,,0.053090000000,   0.28000,
,,,0.053100000000,   0.28200,
,,,0.053110000000,   0.28400,
,,,0.053120000000,   0.28600,
,,,0.053130000000,   0.28600,
,,,0.053140000000,   0.29000,
,,,0.053150000000,   0.29000,
,,,0.053160000000,   0.29200,
,,,0.053170000000,   0.29400,
,,,0.053180000000,   0.29600,
,,,0.053190000000,   0.29600,
,,,0.053200000000,   0.29600,
,,,0.053210000000,   0.29800,
,,,0.053220000000,   0.29800,
,,,0.053230000000,   0.30000,
,,,0.053240000000,   0.30200,
,,,0.053250000000,   0.30400,
,,,0.053260000000,   0.30400,
,,,0.053270000000,   0.30400,
,,,0.053280000000,   0.30600,
,,,0.053290000000,   0.30600,
,,,0.053300000000,   0.30800,
,,,0.053310000000,   0.30800,
,,,0.053320000000,   0.31000,
,,,0.053330000000,   0.31000,
,,,0.053340000000,   0.31200,
,,,0.053350000000,   0.31200,
,,,0.053360000000,   0.31200,
,,,0.053370000000,   0.31200,
,,,0.053380000000,   0.31600,
,,,0.053390000000,   0.31600,
,,,0.053400000000,   0.31600,
,,,0.053410000000,   0.31600,
,,,0.053420000000,   0.31600,
,,,0.053430000000,   0.31600,
,,,0.053440000000,   0.31800,
,,,0.053450000000,   0.32000,
,,,0.053460000000,   0.32000,
,,,0.053470000000,   0.32000,
,,,0.053480000000,   0.32000,
,,,0.053490000000,   0.31800,
,,,0.053500000000,   0.32200,
,,,0.053510000000,   0.32200,
,,,0.053520000000,   0.32200,
,,,0.053530000000,   0.32000,
,,,0.053540000000,   0.32200,
,,,0.053550000000,   0.32000,
,,,0.053560000000,   0.32200,
,,,0.053570000000,   0.32200,
,,,0.053580000000,   0.32400,
,,,0.053590000000,   0.32400,
,,,0.053600000000,   0.32200,
,,,0.053610000000,   0.32200,
,,,0.053620000000,   0.32200,
,,,0.053630000000,   0.32600,
,,,0.053640000000,   0.32400,
,,,0.053650000000,   0.32400,
,,,0.053660000000,   0.32400,
,,,0.053670000000,   0.32200,
,,,0.053680000000,   0.32400,
,,,0.053690000000,   0.32400,
,,,0.053700000000,   0.32600,
,,,0.053710000000,   0.32600,
,,,0.053720000000,   0.32600,
,,,0.053730000000,   0.32400,
,,,0.053740000000,   0.32400,
,,,0.053750000000,   0.32400,
,,,0.053760000000,   0.32400,
,,,0.053770000000,   0.32600,
,,,0.053780000000,   0.32400,
,,,0.053790000000,   0.32200,
,,,0.053800000000,   0.32200,
,,,0.053810000000,   0.32400,
,,,0.053820000000,   0.32400,
,,,0.053830000000,   0.32400,
,,,0.053840000000,   0.32400,
,,,0.053850000000,   0.32200,
,,,0.053860000000,   0.32200,
,,,0.053870000000,   0.32000,
,,,0.053880000000,   0.32200,
,,,0.053890000000,   0.32200,
,,,0.053900000000,   0.32200,
,,,0.053910000000,   0.32000,
,,,0.053920000000,   0.31800,
,,,0.053930000000,   0.31600,
,,,0.053940000000,   0.31800,
,,,0.053950000000,   0.31800,
,,,0.053960000000,   0.31800,
,,,0.053970000000,   0.31600,
,,,0.053980000000,   0.31600,
,,,0.053990000000,   0.31200,
,,,0.054000000000,   0.31200,
,,,0.054010000000,   0.31200,
,,,0.054020000000,   0.31400,
,,,0.054030000000,   0.31200,
,,,0.054040000000,   0.31000,
,,,0.054050000000,   0.30600,
,,,0.054060000000,   0.30600,
,,,0.054070000000,   0.30400,
,,,0.054080000000,   0.30600,
,,,0.054090000000,   0.30600,
,,,0.054100000000,   0.30400,
,,,0.054110000000,   0.30000,
,,,0.054120000000,   0.29800,
,,,0.054130000000,   0.29800,
,,,0.054140000000,   0.29600,
,,,0.054150000000,   0.29800,
,,,0.054160000000,   0.29400,
,,,0.054170000000,   0.29400,
,,,0.054180000000,   0.28800,
,,,0.054190000000,   0.28800,
,,,0.054200000000,   0.28600,
,,,0.054210000000,   0.28800,
,,,0.054220000000,   0.28400,
,,,0.054230000000,   0.28200,
,,,0.054240000000,   0.27800,
,,,0.054250000000,   0.27200,
,,,0.054260000000,   0.27400,
,,,0.054270000000,   0.27200,
,,,0.054280000000,   0.26800,
,,,0.054290000000,   0.26400,
,,,0.054300000000,   0.26000,
,,,0.054310000000,   0.25000,
,,,0.054320000000,   0.24800,
,,,0.054330000000,   0.24800,
,,,0.054340000000,   0.24400,
,,,0.054350000000,   0.23800,
,,,0.054360000000,   0.23600,
,,,0.054370000000,   0.22400,
,,,0.054380000000,   0.22200,
,,,0.054390000000,   0.22200,
,,,0.054400000000,   0.22000,
,,,0.054410000000,   0.21200,
,,,0.054420000000,   0.21000,
,,,0.054430000000,   0.19600,
,,,0.054440000000,   0.19000,
,,,0.054450000000,   0.18800,
,,,0.054460000000,   0.18800,
,,,0.054470000000,   0.18200,
,,,0.054480000000,   0.18000,
,,,0.054490000000,   0.17200,
,,,0.054500000000,   0.16400,
,,,0.054510000000,   0.16400,
,,,0.054520000000,   0.16400,
,,,0.054530000000,   0.16200,
,,,0.054540000000,   0.16000,
,,,0.054550000000,   0.15800,
,,,0.054560000000,   0.15600,
,,,0.054570000000,   0.15400,
,,,0.054580000000,   0.15400,
,,,0.054590000000,   0.15600,
,,,0.054600000000,   0.15600,
,,,0.054610000000,   0.15600,
,,,0.054620000000,   0.16000,
,,,0.054630000000,   0.16200,
,,,0.054640000000,   0.16400,
,,,0.054650000000,   0.16600,
,,,0.054660000000,   0.16800,
,,,0.054670000000,   0.17200,
,,,0.054680000000,   0.18000,
,,,0.054690000000,   0.18600,
,,,0.054700000000,   0.19200,
,,,0.054710000000,   0.19400,
,,,0.054720000000,   0.19600,
,,,0.054730000000,   0.20200,
,,,0.054740000000,   0.21000,
,,,0.054750000000,   0.21800,
,,,0.054760000000,   0.22400,
,,,0.054770000000,   0.22600,
,,,0.054780000000,   0.22800,
,,,0.054790000000,   0.23200,
,,,0.054800000000,   0.23600,
,,,0.054810000000,   0.24200,
,,,0.054820000000,   0.25000,
,,,0.054830000000,   0.25200,
,,,0.054840000000,   0.25400,
,,,0.054850000000,   0.25800,
,,,0.054860000000,   0.26200,
,,,0.054870000000,   0.26800,
,,,0.054880000000,   0.27400,
,,,0.054890000000,   0.27800,
,,,0.054900000000,   0.27800,
,,,0.054910000000,   0.28200,
,,,0.054920000000,   0.28400,
,,,0.054930000000,   0.28800,
,,,0.054940000000,   0.29200,
,,,0.054950000000,   0.29600,
,,,0.054960000000,   0.29800,
,,,0.054970000000,   0.30000,
,,,0.054980000000,   0.30200,
,,,0.054990000000,   0.30600,
,,,0.055000000000,   0.31000,
,,,0.055010000000,   0.31200,
,,,0.055020000000,   0.31400,
,,,0.055030000000,   0.31600,
,,,0.055040000000,   0.32000,
,,,0.055050000000,   0.32200,
,,,0.055060000000,   0.32400,
,,,0.055070000000,   0.32600,
,,,0.055080000000,   0.33000,
,,,0.055090000000,   0.33000,
,,,0.055100000000,   0.33200,
,,,0.055110000000,   0.33400,
,,,0.055120000000,   0.33600,
,,,0.055130000000,   0.33800,
,,,0.055140000000,   0.34000,
,,,0.055150000000,   0.34400,
,,,0.055160000000,   0.34400,
,,,0.055170000000,   0.34400,
,,,0.055180000000,   0.34600,
,,,0.055190000000,   0.34800,
,,,0.055200000000,   0.35000,
,,,0.055210000000,   0.35200,
,,,0.055220000000,   0.35400,
,,,0.055230000000,   0.35400,
,,,0.055240000000,   0.35600,
,,,0.055250000000,   0.35800,
,,,0.055260000000,   0.35800,
,,,0.055270000000,   0.36000,
,,,0.055280000000,   0.36200,
,,,0.055290000000,   0.36200,
,,,0.055300000000,   0.36400,
,,,0.055310000000,   0.36600,
,,,0.055320000000,   0.36600,
,,,0.055330000000,   0.36600,
,,,0.055340000000,   0.37000,
,,,0.055350000000,   0.37000,
,,,0.055360000000,   0.37000,
,,,0.055370000000,   0.37200,
,,,0.055380000000,   0.37200,
,,,0.055390000000,   0.37200,
,,,0.055400000000,   0.37400,
,,,0.055410000000,   0.37600,
,,,0.055420000000,   0.37600,
,,,0.055430000000,   0.37800,
,,,0.055440000000,   0.37800,
,,,0.055450000000,   0.37800,
,,,0.055460000000,   0.38000,
,,,0.055470000000,   0.38000,
,,,0.055480000000,   0.38000,
,,,0.055490000000,   0.38200,
,,,0.055500000000,   0.38200,
,,,0.055510000000,   0.38200,
,,,0.055520000000,   0.38400,
,,,0.055530000000,   0.38400,
,,,0.055540000000,   0.38600,
,,,0.055550000000,   0.38600,
,,,0.055560000000,   0.38800,
,,,0.055570000000,   0.38600,
,,,0.055580000000,   0.38800,
,,,0.055590000000,   0.38800,
,,,0.055600000000,   0.39000,
,,,0.055610000000,   0.39000,
,,,0.055620000000,   0.39000,
,,,0.055630000000,   0.39200,
,,,0.055640000000,   0.39000,
,,,0.055650000000,   0.39200,
,,,0.055660000000,   0.39200,
,,,0.055670000000,   0.39400,
,,,0.055680000000,   0.39400,
,,,0.055690000000,   0.39600,
,,,0.055700000000,   0.39600,
,,,0.055710000000,   0.39400,
,,,0.055720000000,   0.39600,
,,,0.055730000000,   0.39600,
,,,0.055740000000,   0.39800,
,,,0.055750000000,   0.39600,
,,,0.055760000000,   0.39800,
,,,0.055770000000,   0.39600,
,,,0.055780000000,   0.39800,
,,,0.055790000000,   0.40000,
,,,0.055800000000,   0.40000,
,,,0.055810000000,   0.40000,
,,,0.055820000000,   0.40000,
,,,0.055830000000,   0.40000,
,,,0.055840000000,   0.40000,
,,,0.055850000000,   0.40000,
,,,0.055860000000,   0.40200,
,,,0.055870000000,   0.40200,
,,,0.055880000000,   0.40200,
,,,0.055890000000,   0.40200,
,,,0.055900000000,   0.40200,
,,,0.055910000000,   0.40200,
,,,0.055920000000,   0.40600,
,,,0.055930000000,   0.40400,
,,,0.055940000000,   0.40400,
,,,0.055950000000,   0.40400,
,,,0.055960000000,   0.40400,
,,,0.055970000000,   0.40200,
,,,0.055980000000,   0.40600,
,,,0.055990000000,   0.40600,
,,,0.056000000000,   0.40600,
,,,0.056010000000,   0.40600,
,,,0.056020000000,   0.40400,
,,,0.056030000000,   0.40400,
,,,0.056040000000,   0.40600,
,,,0.056050000000,   0.40600,
,,,0.056060000000,   0.40600,
,,,0.056070000000,   0.40600,
,,,0.056080000000,   0.40600,
,,,0.056090000000,   0.40600,
,,,0.056100000000,   0.40600,
,,,0.056110000000,   0.40800,
,,,0.056120000000,   0.40800,
,,,0.056130000000,   0.40800,
,,,0.056140000000,   0.40600,
,,,0.056150000000,   0.40600,
,,,0.056160000000,   0.40600,
,,,0.056170000000,   0.40800,
,,,0.056180000000,   0.40600,
,,,0.056190000000,   0.40800,
,,,0.056200000000,   0.40800,
,,,0.056210000000,   0.40800,
,,,0.056220000000,   0.40600,
,,,0.056230000000,   0.40800,
,,,0.056240000000,   0.40800,
,,,0.056250000000,   0.41000,
,,,0.056260000000,   0.40800,
,,,0.056270000000,   0.40800,
,,,0.056280000000,   0.40600,
,,,0.056290000000,   0.40800,
,,,0.056300000000,   0.40800,
,,,0.056310000000,   0.41000,
,,,0.056320000000,   0.41000,
,,,0.056330000000,   0.40800,
,,,0.056340000000,   0.40800,
,,,0.056350000000,   0.40800,
,,,0.056360000000,   0.41000,
,,,0.056370000000,   0.40800,
,,,0.056380000000,   0.41000,
,,,0.056390000000,   0.40800,
,,,0.056400000000,   0.40800,
,,,0.056410000000,   0.40600,
,,,0.056420000000,   0.40800,
,,,0.056430000000,   0.40800,
,,,0.056440000000,   0.41000,
,,,0.056450000000,   0.40800,
,,,0.056460000000,   0.41000,
,,,0.056470000000,   0.40600,
,,,0.056480000000,   0.40800,
,,,0.056490000000,   0.40800,
,,,0.056500000000,   0.41000,
,,,0.056510000000,   0.40800,
,,,0.056520000000,   0.40800,
,,,0.056530000000,   0.40600,
,,,0.056540000000,   0.40600,
,,,0.056550000000,   0.40800,
,,,0.056560000000,   0.40800,
,,,0.056570000000,   0.40800,
,,,0.056580000000,   0.40800,
,,,0.056590000000,   0.40800,
,,,0.056600000000,   0.40400,
,,,0.056610000000,   0.40800,
,,,0.056620000000,   0.40600,
,,,0.056630000000,   0.40800,
,,,0.056640000000,   0.40800,
,,,0.056650000000,   0.40800,
,,,0.056660000000,   0.40400,
,,,0.056670000000,   0.40600,
,,,0.056680000000,   0.40600,
,,,0.056690000000,   0.40800,
,,,0.056700000000,   0.40600,
,,,0.056710000000,   0.40800,
,,,0.056720000000,   0.40400,
,,,0.056730000000,   0.40400,
,,,0.056740000000,   0.40600,
,,,0.056750000000,   0.40800,
,,,0.056760000000,   0.40800,
,,,0.056770000000,   0.40600,
,,,0.056780000000,   0.40400,
,,,0.056790000000,   0.40400,
,,,0.056800000000,   0.40600,
,,,0.056810000000,   0.40600,
,,,0.056820000000,   0.40600,
,,,0.056830000000,   0.40600,
,,,0.056840000000,   0.40600,
,,,0.056850000000,   0.40200,
,,,0.056860000000,   0.40400,
,,,0.056870000000,   0.40400,
,,,0.056880000000,   0.40600,
,,,0.056890000000,   0.40400,
,,,0.056900000000,   0.40400,
,,,0.056910000000,   0.40200,
,,,0.056920000000,   0.40200,
,,,0.056930000000,   0.40400,
,,,0.056940000000,   0.40400,
,,,0.056950000000,   0.40400,
,,,0.056960000000,   0.40400,
,,,0.056970000000,   0.40200,
,,,0.056980000000,   0.40000,
,,,0.056990000000,   0.40200,
,,,0.057000000000,   0.40400,
,,,0.057010000000,   0.40400,
,,,0.057020000000,   0.40200,
,,,0.057030000000,   0.40200,
,,,0.057040000000,   0.40000,
,,,0.057050000000,   0.40000,
,,,0.057060000000,   0.40000,
,,,0.057070000000,   0.40200,
,,,0.057080000000,   0.40200,
,,,0.057090000000,   0.40200,
,,,0.057100000000,   0.39800,
,,,0.057110000000,   0.40000,
,,,0.057120000000,   0.39800,
,,,0.057130000000,   0.40000,
,,,0.057140000000,   0.40000,
,,,0.057150000000,   0.40000,
,,,0.057160000000,   0.39800,
,,,0.057170000000,   0.39600,
,,,0.057180000000,   0.39800,
,,,0.057190000000,   0.39800,
,,,0.057200000000,   0.39800,
,,,0.057210000000,   0.39600,
,,,0.057220000000,   0.39600,
,,,0.057230000000,   0.39400,
,,,0.057240000000,   0.39400,
,,,0.057250000000,   0.39400,
,,,0.057260000000,   0.39400,
,,,0.057270000000,   0.39400,
,,,0.057280000000,   0.39200,
,,,0.057290000000,   0.39200,
,,,0.057300000000,   0.38800,
,,,0.057310000000,   0.39000,
,,,0.057320000000,   0.39200,
,,,0.057330000000,   0.39000,
,,,0.057340000000,   0.38800,
,,,0.057350000000,   0.38800,
,,,0.057360000000,   0.38400,
,,,0.057370000000,   0.38400,
,,,0.057380000000,   0.38600,
,,,0.057390000000,   0.38400,
,,,0.057400000000,   0.38400,
,,,0.057410000000,   0.38400,
,,,0.057420000000,   0.37800,
,,,0.057430000000,   0.37800,
,,,0.057440000000,   0.38000,
,,,0.057450000000,   0.38000,
,,,0.057460000000,   0.37600,
,,,0.057470000000,   0.37800,
,,,0.057480000000,   0.37200,
,,,0.057490000000,   0.37000,
,,,0.057500000000,   0.37000,
,,,0.057510000000,   0.37200,
,,,0.057520000000,   0.37000,
,,,0.057530000000,   0.37000,
,,,0.057540000000,   0.36800,
,,,0.057550000000,   0.36000,
,,,0.057560000000,   0.36000,
,,,0.057570000000,   0.35800,
,,,0.057580000000,   0.35800,
,,,0.057590000000,   0.35600,
,,,0.057600000000,   0.35200,
,,,0.057610000000,   0.34400,
,,,0.057620000000,   0.34200,
,,,0.057630000000,   0.34000,
,,,0.057640000000,   0.33800,
,,,0.057650000000,   0.33600,
,,,0.057660000000,   0.33000,
,,,0.057670000000,   0.32600,
,,,0.057680000000,   0.32000,
,,,0.057690000000,   0.31800,
,,,0.057700000000,   0.32000,
,,,0.057710000000,   0.31600,
,,,0.057720000000,   0.31400,
,,,0.057730000000,   0.30600,
,,,0.057740000000,   0.30600,
,,,0.057750000000,   0.30400,
,,,0.057760000000,   0.30400,
,,,0.057770000000,   0.30400,
,,,0.057780000000,   0.30600,
,,,0.057790000000,   0.30600,
,,,0.057800000000,   0.30800,
,,,0.057810000000,   0.30800,
,,,0.057820000000,   0.31000,
,,,0.057830000000,   0.31200,
,,,0.057840000000,   0.31400,
,,,0.057850000000,   0.31400,
,,,0.057860000000,   0.32000,
,,,0.057870000000,   0.32000,
,,,0.057880000000,   0.32200,
,,,0.057890000000,   0.32400,
,,,0.057900000000,   0.32600,
,,,0.057910000000,   0.32800,
,,,0.057920000000,   0.33200,
,,,0.057930000000,   0.33400,
,,,0.057940000000,   0.33800,
,,,0.057950000000,   0.34000,
,,,0.057960000000,   0.34200,
,,,0.057970000000,   0.34400,
,,,0.057980000000,   0.34600,
,,,0.057990000000,   0.34800,
,,,0.058000000000,   0.35200,
,,,0.058010000000,   0.35200,
,,,0.058020000000,   0.35400,
,,,0.058030000000,   0.35600,
,,,0.058040000000,   0.35600,
,,,0.058050000000,   0.35800,
,,,0.058060000000,   0.35800,
,,,0.058070000000,   0.36000,
,,,0.058080000000,   0.36400,
,,,0.058090000000,   0.36600,
,,,0.058100000000,   0.36400,
,,,0.058110000000,   0.36600,
,,,0.058120000000,   0.36800,
,,,0.058130000000,   0.36600,
,,,0.058140000000,   0.37000,
,,,0.058150000000,   0.37000,
,,,0.058160000000,   0.37000,
,,,0.058170000000,   0.37200,
,,,0.058180000000,   0.37200,
,,,0.058190000000,   0.37000,
,,,0.058200000000,   0.37400,
,,,0.058210000000,   0.37400,
,,,0.058220000000,   0.37400,
,,,0.058230000000,   0.37400,
,,,0.058240000000,   0.37600,
,,,0.058250000000,   0.37200,
,,,0.058260000000,   0.37400,
,,,0.058270000000,   0.37800,
,,,0.058280000000,   0.37800,
,,,0.058290000000,   0.37600,
,,,0.058300000000,   0.37800,
,,,0.058310000000,   0.37400,
,,,0.058320000000,   0.37600,
,,,0.058330000000,   0.37600,
,,,0.058340000000,   0.37800,
,,,0.058350000000,   0.37800,
,,,0.058360000000,   0.37800,
,,,0.058370000000,   0.37600,
,,,0.058380000000,   0.37400,
,,,0.058390000000,   0.37600,
,,,0.058400000000,   0.37600,
,,,0.058410000000,   0.37800,
,,,0.058420000000,   0.37600,
,,,0.058430000000,   0.37400,
,,,0.058440000000,   0.37400,
,,,0.058450000000,   0.37400,
,,,0.058460000000,   0.37600,
,,,0.058470000000,   0.37600,
,,,0.058480000000,   0.37800,
,,,0.058490000000,   0.37600,
,,,0.058500000000,   0.37200,
,,,0.058510000000,   0.37400,
,,,0.058520000000,   0.37400,
,,,0.058530000000,   0.37600,
,,,0.058540000000,   0.37600,
,,,0.058550000000,   0.37400,
,,,0.058560000000,   0.37200,
,,,0.058570000000,   0.37200,
,,,0.058580000000,   0.37200,
,,,0.058590000000,   0.37400,
,,,0.058600000000,   0.37400,
,,,0.058610000000,   0.37200,
,,,0.058620000000,   0.37200,
,,,0.058630000000,   0.37000,
,,,0.058640000000,   0.37000,
,,,0.058650000000,   0.37200,
,,,0.058660000000,   0.37200,
,,,0.058670000000,   0.37000,
,,,0.058680000000,   0.37000,
,,,0.058690000000,   0.36800,
,,,0.058700000000,   0.36800,
,,,0.058710000000,   0.36800,
,,,0.058720000000,   0.37000,
,,,0.058730000000,   0.37000,
,,,0.058740000000,   0.36800,
,,,0.058750000000,   0.36600,
,,,0.058760000000,   0.36600,
,,,0.058770000000,   0.36600,
,,,0.058780000000,   0.36800,
,,,0.058790000000,   0.36800,
,,,0.058800000000,   0.36600,
,,,0.058810000000,   0.36600,
,,,0.058820000000,   0.36400,
,,,0.058830000000,   0.36400,
,,,0.058840000000,   0.36600,
,,,0.058850000000,   0.36600,
,,,0.058860000000,   0.36400,
,,,0.058870000000,   0.36400,
,,,0.058880000000,   0.36200,
,,,0.058890000000,   0.36000,
,,,0.058900000000,   0.36200,
,,,0.058910000000,   0.36400,
,,,0.058920000000,   0.36200,
,,,0.058930000000,   0.36200,
,,,0.058940000000,   0.36200,
,,,0.058950000000,   0.35800,
,,,0.058960000000,   0.35800,
,,,0.058970000000,   0.36200,
,,,0.058980000000,   0.36000,
,,,0.058990000000,   0.36000,
,,,0.059000000000,   0.36000,
,,,0.059010000000,   0.35600,
,,,0.059020000000,   0.35600,
,,,0.059030000000,   0.35800,
,,,0.059040000000,   0.35800,
,,,0.059050000000,   0.35800,
,,,0.059060000000,   0.35600,
,,,0.059070000000,   0.35600,
,,,0.059080000000,   0.35400,
,,,0.059090000000,   0.35600,
,,,0.059100000000,   0.35600,
,,,0.059110000000,   0.35800,
,,,0.059120000000,   0.35600,
,,,0.059130000000,   0.35400,
,,,0.059140000000,   0.35200,
,,,0.059150000000,   0.35400,
,,,0.059160000000,   0.35400,
,,,0.059170000000,   0.35600,
,,,0.059180000000,   0.35600,
,,,0.059190000000,   0.35400,
,,,0.059200000000,   0.35200,
,,,0.059210000000,   0.35200,
,,,0.059220000000,   0.35200,
,,,0.059230000000,   0.35200,
,,,0.059240000000,   0.35200,
,,,0.059250000000,   0.35200,
,,,0.059260000000,   0.35000,
,,,0.059270000000,   0.35000,
,,,0.059280000000,   0.35000,
,,,0.059290000000,   0.35000,
,,,0.059300000000,   0.35200,
,,,0.059310000000,   0.35000,
,,,0.059320000000,   0.35000,
,,,0.059330000000,   0.34800,
,,,0.059340000000,   0.34800,
,,,0.059350000000,   0.34800,
,,,0.059360000000,   0.35000,
,,,0.059370000000,   0.34800,
,,,0.059380000000,   0.34800,
,,,0.059390000000,   0.34600,
,,,0.059400000000,   0.34400,
,,,0.059410000000,   0.34600,
,,,0.059420000000,   0.34800,
,,,0.059430000000,   0.34600,
,,,0.059440000000,   0.34600,
,,,0.059450000000,   0.34400,
,,,0.059460000000,   0.34200,
,,,0.059470000000,   0.34400,
,,,0.059480000000,   0.34400,
,,,0.059490000000,   0.34600,
,,,0.059500000000,   0.34400,
,,,0.059510000000,   0.34400,
,,,0.059520000000,   0.34200,
,,,0.059530000000,   0.34200,
,,,0.059540000000,   0.34400,
,,,0.059550000000,   0.34400,
,,,0.059560000000,   0.34400,
,,,0.059570000000,   0.34200,
,,,0.059580000000,   0.34000,
,,,0.059590000000,   0.33800,
,,,0.059600000000,   0.34200,
,,,0.059610000000,   0.34200,
,,,0.059620000000,   0.34200,
,,,0.059630000000,   0.34000,
,,,0.059640000000,   0.34000,
,,,0.059650000000,   0.33600,
,,,0.059660000000,   0.33800,
,,,0.059670000000,   0.34000,
,,,0.059680000000,   0.34000,
,,,0.059690000000,   0.34000,
,,,0.059700000000,   0.33800,
,,,0.059710000000,   0.33400,
,,,0.059720000000,   0.33600,
,,,0.059730000000,   0.33800,
,,,0.059740000000,   0.33800,
,,,0.059750000000,   0.33600,
,,,0.059760000000,   0.33800,
,,,0.059770000000,   0.33200,
,,,0.059780000000,   0.33400,
,,,0.059790000000,   0.33600,
,,,0.059800000000,   0.33600,
,,,0.059810000000,   0.33400,
,,,0.059820000000,   0.33600,
,,,0.059830000000,   0.33400,
,,,0.059840000000,   0.33000,
,,,0.059850000000,   0.33400,
,,,0.059860000000,   0.33200,
,,,0.059870000000,   0.33400,
,,,0.059880000000,   0.33200,
,,,0.059890000000,   0.33200,
,,,0.059900000000,   0.32800,
,,,0.059910000000,   0.33200,
,,,0.059920000000,   0.33000,
,,,0.059930000000,   0.33200,
,,,0.059940000000,   0.33200,
,,,0.059950000000,   0.33000,
,,,0.059960000000,   0.32800,
,,,0.059970000000,   0.32800,
,,,0.059980000000,   0.33000,
,,,0.059990000000,   0.33000,
,,,0.060000000000,   0.33000,
,,,0.060010000000,   0.33000,
,,,0.060020000000,   0.32800,
,,,0.060030000000,   0.32800,
,,,0.060040000000,   0.32600,
,,,0.060050000000,   0.32800,
,,,0.060060000000,   0.33000,
,,,0.060070000000,   0.32800,
,,,0.060080000000,   0.32600,
,,,0.060090000000,   0.32600,
,,,0.060100000000,   0.32400,
,,,0.060110000000,   0.32600,
,,,0.060120000000,   0.32600,
,,,0.060130000000,   0.32400,
,,,0.060140000000,   0.32400,
,,,0.060150000000,   0.32400,
,,,0.060160000000,   0.32200,
,,,0.060170000000,   0.32200,
,,,0.060180000000,   0.32600,
,,,0.060190000000,   0.32400,
,,,0.060200000000,   0.32400,
,,,0.060210000000,   0.32200,
,,,0.060220000000,   0.32000,
,,,0.060230000000,   0.32000,
,,,0.060240000000,   0.32400,
,,,0.060250000000,   0.32200,
,,,0.060260000000,   0.32000,
,,,0.060270000000,   0.32200,
,,,0.060280000000,   0.31800,
,,,0.060290000000,   0.31800,
,,,0.060300000000,   0.32000,
,,,0.060310000000,   0.32000,
,,,0.060320000000,   0.31800,
,,,0.060330000000,   0.32000,
,,,0.060340000000,   0.31600,
,,,0.060350000000,   0.31600,
,,,0.060360000000,   0.31600,
,,,0.060370000000,   0.31800,
,,,0.060380000000,   0.31600,
,,,0.060390000000,   0.31800,
,,,0.060400000000,   0.31600,
,,,0.060410000000,   0.31400,
,,,0.060420000000,   0.31200,
,,,0.060430000000,   0.31600,
,,,0.060440000000,   0.31400,
,,,0.060450000000,   0.31400,
,,,0.060460000000,   0.31400,
,,,0.060470000000,   0.31200,
,,,0.060480000000,   0.31000,
,,,0.060490000000,   0.31200,
,,,0.060500000000,   0.31400,
,,,0.060510000000,   0.31200,
,,,0.060520000000,   0.31200,
,,,0.060530000000,   0.30800,
,,,0.060540000000,   0.30800,
,,,0.060550000000,   0.30800,
,,,0.060560000000,   0.31200,
,,,0.060570000000,   0.30800,
,,,0.060580000000,   0.31000,
,,,0.060590000000,   0.30600,
,,,0.060600000000,   0.30600,
,,,0.060610000000,   0.30600,
,,,0.060620000000,   0.30800,
,,,0.060630000000,   0.30600,
,,,0.060640000000,   0.30800,
,,,0.060650000000,   0.30600,
,,,0.060660000000,   0.30400,
,,,0.060670000000,   0.30400,
,,,0.060680000000,   0.30400,
,,,0.060690000000,   0.30400,
,,,0.060700000000,   0.30400,
,,,0.060710000000,   0.30400,
,,,0.060720000000,   0.30200,
,,,0.060730000000,   0.30000,
,,,0.060740000000,   0.30200,
,,,0.060750000000,   0.30200,
,,,0.060760000000,   0.30000,
,,,0.060770000000,   0.30200,
,,,0.060780000000,   0.29800,
,,,0.060790000000,   0.29800,
,,,0.060800000000,   0.29800,
,,,0.060810000000,   0.29800,
,,,0.060820000000,   0.29800,
,,,0.060830000000,   0.30000,
,,,0.060840000000,   0.29600,
,,,0.060850000000,   0.29600,
,,,0.060860000000,   0.29400,
,,,0.060870000000,   0.29600,
,,,0.060880000000,   0.29600,
,,,0.060890000000,   0.29600,
,,,0.060900000000,   0.29400,
,,,0.060910000000,   0.29400,
,,,0.060920000000,   0.29200,
,,,0.060930000000,   0.29200,
,,,0.060940000000,   0.29200,
,,,0.060950000000,   0.29400,
,,,0.060960000000,   0.29200,
,,,0.060970000000,   0.29000,
,,,0.060980000000,   0.29000,
,,,0.060990000000,   0.28800,
,,,0.061000000000,   0.29000,
,,,0.061010000000,   0.29000,
,,,0.061020000000,   0.28800,
,,,0.061030000000,   0.28800,
,,,0.061040000000,   0.28800,
,,,0.061050000000,   0.28400,
,,,0.061060000000,   0.28600,
,,,0.061070000000,   0.28600,
,,,0.061080000000,   0.28600,
,,,0.061090000000,   0.28600,
,,,0.061100000000,   0.28600,
,,,0.061110000000,   0.28000,
,,,0.061120000000,   0.28200,
,,,0.061130000000,   0.28400,
,,,0.061140000000,   0.28200,
,,,0.061150000000,   0.28200,
,,,0.061160000000,   0.28200,
,,,0.061170000000,   0.28000,
,,,0.061180000000,   0.27800,
,,,0.061190000000,   0.28000,
,,,0.061200000000,   0.27800,
,,,0.061210000000,   0.28000,
,,,0.061220000000,   0.27800,
,,,0.061230000000,   0.27600,
,,,0.061240000000,   0.27400,
,,,0.061250000000,   0.27800,
,,,0.061260000000,   0.27600,
,,,0.061270000000,   0.27600,
,,,0.061280000000,   0.27600,
,,,0.061290000000,   0.27200,
,,,0.061300000000,   0.27000,
,,,0.061310000000,   0.27200,
,,,0.061320000000,   0.27200,
,,,0.061330000000,   0.27400,
,,,0.061340000000,   0.27400,
,,,0.061350000000,   0.27200,
,,,0.061360000000,   0.26800,
,,,0.061370000000,   0.26800,
,,,0.061380000000,   0.27000,
,,,0.061390000000,   0.27000,
,,,0.061400000000,   0.27000,
,,,0.061410000000,   0.26800,
,,,0.061420000000,   0.26600,
,,,0.061430000000,   0.26400,
,,,0.061440000000,   0.26600,
,,,0.061450000000,   0.26400,
,,,0.061460000000,   0.26600,
,,,0.061470000000,   0.26400,
,,,0.061480000000,   0.26400,
,,,0.061490000000,   0.26000,
,,,0.061500000000,   0.26000,
,,,0.061510000000,   0.26200,
,,,0.061520000000,   0.26200,
,,,0.061530000000,   0.26000,
,,,0.061540000000,   0.26000,
,,,0.061550000000,   0.25800,
,,,0.061560000000,   0.25600,
,,,0.061570000000,   0.25800,
,,,0.061580000000,   0.25800,
,,,0.061590000000,   0.25800,
,,,0.061600000000,   0.25600,
,,,0.061610000000,   0.25400,
,,,0.061620000000,   0.25200,
,,,0.061630000000,   0.25400,
,,,0.061640000000,   0.25400,
,,,0.061650000000,   0.25600,
,,,0.061660000000,   0.25200,
,,,0.061670000000,   0.25200,
,,,0.061680000000,   0.24800,
,,,0.061690000000,   0.25000,
,,,0.061700000000,   0.25000,
,,,0.061710000000,   0.25200,
,,,0.061720000000,   0.24800,
,,,0.061730000000,   0.24800,
,,,0.061740000000,   0.24600,
,,,0.061750000000,   0.24400,
,,,0.061760000000,   0.24600,
,,,0.061770000000,   0.24800,
,,,0.061780000000,   0.24600,
,,,0.061790000000,   0.24400,
,,,0.061800000000,   0.24600,
,,,0.061810000000,   0.24000,
,,,0.061820000000,   0.24400,
,,,0.061830000000,   0.24200,
,,,0.061840000000,   0.24400,
,,,0.061850000000,   0.24000,
,,,0.061860000000,   0.24200,
,,,0.061870000000,   0.23600,
,,,0.061880000000,   0.23600,
,,,0.061890000000,   0.23800,
,,,0.061900000000,   0.24000,
,,,0.061910000000,   0.23800,
,,,0.061920000000,   0.23800,
,,,0.061930000000,   0.23400,
,,,0.061940000000,   0.23200,
,,,0.061950000000,   0.23400,
,,,0.061960000000,   0.23400,
,,,0.061970000000,   0.23200,
,,,0.061980000000,   0.23400,
,,,0.061990000000,   0.23000,
,,,0.062000000000,   0.22800,
,,,0.062010000000,   0.23000,
,,,0.062020000000,   0.23000,
,,,0.062030000000,   0.23000,
,,,0.062040000000,   0.23000,
,,,0.062050000000,   0.22800,
,,,0.062060000000,   0.22400,
,,,0.062070000000,   0.22600,
,,,0.062080000000,   0.22600,
,,,0.062090000000,   0.22800,
,,,0.062100000000,   0.22600,
,,,0.062110000000,   0.22600,
,,,0.062120000000,   0.22000,
,,,0.062130000000,   0.22200,
,,,0.062140000000,   0.22200,
,,,0.062150000000,   0.22400,
,,,0.062160000000,   0.22200,
,,,0.062170000000,   0.22200,
,,,0.062180000000,   0.22000,
,,,0.062190000000,   0.21800,
,,,0.062200000000,   0.21800,
,,,0.062210000000,   0.21800,
,,,0.062220000000,   0.22000,
,,,0.062230000000,   0.21800,
,,,0.062240000000,   0.21600,
,,,0.062250000000,   0.21400,
,,,0.062260000000,   0.21400,
,,,0.062270000000,   0.21400,
,,,0.062280000000,   0.21400,
,,,0.062290000000,   0.21400,
,,,0.062300000000,   0.21200,
,,,0.062310000000,   0.21000,
,,,0.062320000000,   0.21000,
,,,0.062330000000,   0.21000,
,,,0.062340000000,   0.21200,
,,,0.062350000000,   0.21000,
,,,0.062360000000,   0.21000,
,,,0.062370000000,   0.20800,
,,,0.062380000000,   0.20600,
,,,0.062390000000,   0.20600,
,,,0.062400000000,   0.20800,
,,,0.062410000000,   0.20800,
,,,0.062420000000,   0.20600,
,,,0.062430000000,   0.20400,
,,,0.062440000000,   0.20200,
,,,0.062450000000,   0.20000,
,,,0.062460000000,   0.20200,
,,,0.062470000000,   0.20400,
,,,0.062480000000,   0.20000,
,,,0.062490000000,   0.20000,
,,,0.062500000000,   0.19800,
,,,0.062510000000,   0.19800,
,,,0.062520000000,   0.19600,
,,,0.062530000000,   0.20000,
,,,0.062540000000,   0.19800,
,,,0.062550000000,   0.19600,
,,,0.062560000000,   0.19600,
,,,0.062570000000,   0.19400,
,,,0.062580000000,   0.19400,
,,,0.062590000000,   0.19400,
,,,0.062600000000,   0.19600,
,,,0.062610000000,   0.19200,
,,,0.062620000000,   0.19400,
,,,0.062630000000,   0.19000,
,,,0.062640000000,   0.19000,
,,,0.062650000000,   0.19000,
,,,0.062660000000,   0.19200,
,,,0.062670000000,   0.19000,
,,,0.062680000000,   0.18800,
,,,0.062690000000,   0.18800,
,,,0.062700000000,   0.18600,
,,,0.062710000000,   0.18600,
,,,0.062720000000,   0.18800,
,,,0.062730000000,   0.18600,
,,,0.062740000000,   0.18600,
,,,0.062750000000,   0.18400,
,,,0.062760000000,   0.18200,
,,,0.062770000000,   0.18200,
,,,0.062780000000,   0.18400,
,,,0.062790000000,   0.18200,
,,,0.062800000000,   0.18200,
,,,0.062810000000,   0.18000,
,,,0.062820000000,   0.17800,
,,,0.062830000000,   0.17600,
,,,0.062840000000,   0.17800,
,,,0.062850000000,   0.17600,
,,,0.062860000000,   0.17800,
,,,0.062870000000,   0.17800,
,,,0.062880000000,   0.17600,
,,,0.062890000000,   0.17400,
,,,0.062900000000,   0.17400,
,,,0.062910000000,   0.17400,
,,,0.062920000000,   0.17400,
,,,0.062930000000,   0.17400,
,,,0.062940000000,   0.17200,
,,,0.062950000000,   0.17000,
,,,0.062960000000,   0.17000,
,,,0.062970000000,   0.17000,
,,,0.062980000000,   0.17000,
,,,0.062990000000,   0.17000,
,,,0.063000000000,   0.16800,
,,,0.063010000000,   0.16800,
,,,0.063020000000,   0.16600,
,,,0.063030000000,   0.16600,
,,,0.063040000000,   0.16600,
,,,0.063050000000,   0.16600,
,,,0.063060000000,   0.16600,
,,,0.063070000000,   0.16400,
,,,0.063080000000,   0.16200,
,,,0.063090000000,   0.16200,
,,,0.063100000000,   0.16400,
,,,0.063110000000,   0.16200,
,,,0.063120000000,   0.16200,
,,,0.063130000000,   0.16000,
,,,0.063140000000,   0.16000,
,,,0.063150000000,   0.15800,
,,,0.063160000000,   0.16000,
,,,0.063170000000,   0.16000,
,,,0.063180000000,   0.15800,
,,,0.063190000000,   0.15800,
,,,0.063200000000,   0.15600,
,,,0.063210000000,   0.15400,
,,,0.063220000000,   0.15400,
,,,0.063230000000,   0.15600,
,,,0.063240000000,   0.15600,
,,,0.063250000000,   0.15400,
,,,0.063260000000,   0.15400,
,,,0.063270000000,   0.15000,
,,,0.063280000000,   0.15000,
,,,0.063290000000,   0.15200,
,,,0.063300000000,   0.15200,
,,,0.063310000000,   0.15000,
,,,0.063320000000,   0.15000,
,,,0.063330000000,   0.14800,
,,,0.063340000000,   0.14800,
,,,0.063350000000,   0.14800,
,,,0.063360000000,   0.14800,
,,,0.063370000000,   0.14800,
,,,0.063380000000,   0.14600,
,,,0.063390000000,   0.14600,
,,,0.063400000000,   0.14400,
,,,0.063410000000,   0.14400,
,,,0.063420000000,   0.14400,
,,,0.063430000000,   0.14400,
,,,0.063440000000,   0.14400,
,,,0.063450000000,   0.14200,
,,,0.063460000000,   0.14000,
,,,0.063470000000,   0.14000,
,,,0.063480000000,   0.14200,
,,,0.063490000000,   0.14200,
,,,0.063500000000,   0.14200,
,,,0.063510000000,   0.14000,
,,,0.063520000000,   0.13800,
,,,0.063530000000,   0.13800,
,,,0.063540000000,   0.13800,
,,,0.063550000000,   0.13800,
,,,0.063560000000,   0.13800,
,,,0.063570000000,   0.13800,
,,,0.063580000000,   0.13400,
,,,0.063590000000,   0.13200,
,,,0.063600000000,   0.13400,
,,,0.063610000000,   0.13400,
,,,0.063620000000,   0.13400,
,,,0.063630000000,   0.13400,
,,,0.063640000000,   0.13200,
,,,0.063650000000,   0.13000,
,,,0.063660000000,   0.13000,
,,,0.063670000000,   0.13000,
,,,0.063680000000,   0.13200,
,,,0.063690000000,   0.12800,
,,,0.063700000000,   0.12800,
,,,0.063710000000,   0.12600,
,,,0.063720000000,   0.12400,
,,,0.063730000000,   0.12400,
,,,0.063740000000,   0.12600,
,,,0.063750000000,   0.12600,
,,,0.063760000000,   0.12600,
,,,0.063770000000,   0.12400,
,,,0.063780000000,   0.12200,
,,,0.063790000000,   0.12200,
,,,0.063800000000,   0.12200,
,,,0.063810000000,   0.12400,
,,,0.063820000000,   0.12200,
,,,0.063830000000,   0.12000,
,,,0.063840000000,   0.11800,
,,,0.063850000000,   0.11800,
,,,0.063860000000,   0.12000,
,,,0.063870000000,   0.12000,
,,,0.063880000000,   0.11800,
,,,0.063890000000,   0.11800,
,,,0.063900000000,   0.11600,
,,,0.063910000000,   0.11400,
,,,0.063920000000,   0.11400,
,,,0.063930000000,   0.11600,
,,,0.063940000000,   0.11400,
,,,0.063950000000,   0.11400,
,,,0.063960000000,   0.11200,
,,,0.063970000000,   0.11000,
,,,0.063980000000,   0.11000,
,,,0.063990000000,   0.11200,
,,,0.064000000000,   0.11200,
,,,0.064010000000,   0.11000,
,,,0.064020000000,   0.11000,
,,,0.064030000000,   0.10800,
,,,0.064040000000,   0.10800,
,,,0.064050000000,   0.10800,
,,,0.064060000000,   0.10800,
,,,0.064070000000,   0.10800,
,,,0.064080000000,   0.10600,
,,,0.064090000000,   0.10400,
,,,0.064100000000,   0.10400,
,,,0.064110000000,   0.10400,
,,,0.064120000000,   0.10400,
,,,0.064130000000,   0.10400,
,,,0.064140000000,   0.10200,
,,,0.064150000000,   0.10200,
,,,0.064160000000,   0.10000,
,,,0.064170000000,   0.10000,
,,,0.064180000000,   0.10200,
,,,0.064190000000,   0.10000,
,,,0.064200000000,   0.10000,
,,,0.064210000000,   0.09800,
,,,0.064220000000,   0.09800,
,,,0.064230000000,   0.09600,
,,,0.064240000000,   0.09600,
,,,0.064250000000,   0.09600,
,,,0.064260000000,   0.09600,
,,,0.064270000000,   0.09600,
,,,0.064280000000,   0.09400,
,,,0.064290000000,   0.09200,
,,,0.064300000000,   0.09200,
,,,0.064310000000,   0.09400,
,,,0.064320000000,   0.09200,
,,,0.064330000000,   0.09200,
,,,0.064340000000,   0.09200,
,,,0.064350000000,   0.09000,
,,,0.064360000000,   0.08800,
,,,0.064370000000,   0.09000,
,,,0.064380000000,   0.09000,
,,,0.064390000000,   0.08800,
,,,0.064400000000,   0.08800,
,,,0.064410000000,   0.08400,
,,,0.064420000000,   0.08400,
,,,0.064430000000,   0.08600,
,,,0.064440000000,   0.08600,
,,,0.064450000000,   0.08600,
,,,0.064460000000,   0.08400,
,,,0.064470000000,   0.08400,
,,,0.064480000000,   0.08200,
,,,0.064490000000,   0.08200,
,,,0.064500000000,   0.08200,
,,,0.064510000000,   0.08200,
,,,0.064520000000,   0.08200,
,,,0.064530000000,   0.08000,
,,,0.064540000000,   0.07800,
,,,0.064550000000,   0.07800,
,,,0.064560000000,   0.07800,
,,,0.064570000000,   0.08000,
,,,0.064580000000,   0.07800,
,,,0.064590000000,   0.07800,
,,,0.064600000000,   0.07600,
,,,0.064610000000,   0.07400,
,,,0.064620000000,   0.07600,
,,,0.064630000000,   0.07600,
,,,0.064640000000,   0.07600,
,,,0.064650000000,   0.07400,
,,,0.064660000000,   0.07200,
,,,0.064670000000,   0.07200,
,,,0.064680000000,   0.07000,
,,,0.064690000000,   0.07200,
,,,0.064700000000,   0.07200,
,,,0.064710000000,   0.07200,
,,,0.064720000000,   0.07000,
,,,0.064730000000,   0.06800,
,,,0.064740000000,   0.06800,
,,,0.064750000000,   0.07000,
,,,0.064760000000,   0.07000,
,,,0.064770000000,   0.07000,
,,,0.064780000000,   0.06800,
,,,0.064790000000,   0.06600,
,,,0.064800000000,   0.06600,
,,,0.064810000000,   0.06600,
,,,0.064820000000,   0.06600,
,,,0.064830000000,   0.06600,
,,,0.064840000000,   0.06600,
,,,0.064850000000,   0.06400,
,,,0.064860000000,   0.06200,
,,,0.064870000000,   0.06200,
,,,0.064880000000,   0.06400,
,,,0.064890000000,   0.06400,
,,,0.064900000000,   0.06400,
,,,0.064910000000,   0.06200,
,,,0.064920000000,   0.06000,
,,,0.064930000000,   0.06000,
,,,0.064940000000,   0.06200,
,,,0.064950000000,   0.06000,
,,,0.064960000000,   0.06000,
,,,0.064970000000,   0.06000,
,,,0.064980000000,   0.05800,
,,,0.064990000000,   0.05600,
,,,0.065000000000,   0.05800,
,,,0.065010000000,   0.05800,
,,,0.065020000000,   0.05800,
,,,0.065030000000,   0.05800,
,,,0.065040000000,   0.05600,
,,,0.065050000000,   0.05600,
,,,0.065060000000,   0.05600,
,,,0.065070000000,   0.05600,
,,,0.065080000000,   0.05600,
,,,0.065090000000,   0.05600,
,,,0.065100000000,   0.05400,
,,,0.065110000000,   0.05200,
,,,0.065120000000,   0.05200,
,,,0.065130000000,   0.05400,
,,,0.065140000000,   0.05400,
,,,0.065150000000,   0.05400,
,,,0.065160000000,   0.05400,
,,,0.065170000000,   0.05200,
,,,0.065180000000,   0.05000,
,,,0.065190000000,   0.05200,
,,,0.065200000000,   0.05200,
,,,0.065210000000,   0.05200,
,,,0.065220000000,   0.05000,
,,,0.065230000000,   0.05000,
,,,0.065240000000,   0.04800,
,,,0.065250000000,   0.05000,
,,,0.065260000000,   0.05000,
,,,0.065270000000,   0.05000,
,,,0.065280000000,   0.04800,
,,,0.065290000000,   0.04800,
,,,0.065300000000,   0.04800,
,,,0.065310000000,   0.04800,
,,,0.065320000000,   0.04800,
,,,0.065330000000,   0.04800,
,,,0.065340000000,   0.04800,
,,,0.065350000000,   0.04600,
,,,0.065360000000,   0.04400,
,,,0.065370000000,   0.04400,
,,,0.065380000000,   0.04400,
,,,0.065390000000,   0.04600,
,,,0.065400000000,   0.04600,
,,,0.065410000000,   0.04600,
,,,0.065420000000,   0.04400,
,,,0.065430000000,   0.04400,
,,,0.065440000000,   0.04400,
,,,0.065450000000,   0.04400,
,,,0.065460000000,   0.04400,
,,,0.065470000000,   0.04400,
,,,0.065480000000,   0.04400,
,,,0.065490000000,   0.04000,
,,,0.065500000000,   0.04200,
,,,0.065510000000,   0.04200,
,,,0.065520000000,   0.04400,
,,,0.065530000000,   0.04200,
,,,0.065540000000,   0.04200,
,,,0.065550000000,   0.04200,
,,,0.065560000000,   0.04000,
,,,0.065570000000,   0.04000,
,,,0.065580000000,   0.04200,
,,,0.065590000000,   0.04000,
,,,0.065600000000,   0.04000,
,,,0.065610000000,   0.04000,
,,,0.065620000000,   0.03800,
,,,0.065630000000,   0.03800,
,,,0.065640000000,   0.04000,
,,,0.065650000000,   0.04000,
,,,0.065660000000,   0.04000,
,,,0.065670000000,   0.03800,
,,,0.065680000000,   0.03800,
,,,0.065690000000,   0.03600,
,,,0.065700000000,   0.03800,
,,,0.065710000000,   0.03800,
,,,0.065720000000,   0.03800,
,,,0.065730000000,   0.03800,
,,,0.065740000000,   0.03600,
,,,0.065750000000,   0.03600,
,,,0.065760000000,   0.03600,
,,,0.065770000000,   0.03800,
,,,0.065780000000,   0.03600,
,,,0.065790000000,   0.03600,
,,,0.065800000000,   0.03600,
,,,0.065810000000,   0.03400,
,,,0.065820000000,   0.03400,
,,,0.065830000000,   0.03600,
,,,0.065840000000,   0.03600,
,,,0.065850000000,   0.03400,
,,,0.065860000000,   0.03400,
,,,0.065870000000,   0.03400,
,,,0.065880000000,   0.03400,
,,,0.065890000000,   0.03400,
,,,0.065900000000,   0.03400,
,,,0.065910000000,   0.03400,
,,,0.065920000000,   0.03400,
,,,0.065930000000,   0.03200,
,,,0.065940000000,   0.03200,
,,,0.065950000000,   0.03200,
,,,0.065960000000,   0.03200,
,,,0.065970000000,   0.03200,
,,,0.065980000000,   0.03200,
,,,0.065990000000,   0.03200,
,,,0.066000000000,   0.03000,
,,,0.066010000000,   0.03000,
,,,0.066020000000,   0.03200,
,,,0.066030000000,   0.03200,
,,,0.066040000000,   0.03200,
,,,0.066050000000,   0.03200,
,,,0.066060000000,   0.03000,
,,,0.066070000000,   0.02800,
,,,0.066080000000,   0.03000,
,,,0.066090000000,   0.03000,
,,,0.066100000000,   0.03000,
,,,0.066110000000,   0.03000,
,,,0.066120000000,   0.02800,
,,,0.066130000000,   0.02800,
,,,0.066140000000,   0.02800,
,,,0.066150000000,   0.02800,
,,,0.066160000000,   0.02800,
,,,0.066170000000,   0.02800,
,,,0.066180000000,   0.02800,
,,,0.066190000000,   0.02600,
,,,0.066200000000,   0.02800,
,,,0.066210000000,   0.02600,
,,,0.066220000000,   0.02800,
,,,0.066230000000,   0.02800,
,,,0.066240000000,   0.02800,
,,,0.066250000000,   0.02600,
,,,0.066260000000,   0.02600,
,,,0.066270000000,   0.02600,
,,,0.066280000000,   0.02600,
,,,0.066290000000,   0.02600,
,,,0.066300000000,   0.02600,
,,,0.066310000000,   0.02600,
,,,0.066320000000,   0.02400,
,,,0.066330000000,   0.02400,
,,,0.066340000000,   0.02600,
,,,0.066350000000,   0.02600,
,,,0.066360000000,   0.02400,
,,,0.066370000000,   0.02400,
,,,0.066380000000,   0.02400,
,,,0.066390000000,   0.02400,
,,,0.066400000000,   0.02400,
,,,0.066410000000,   0.02400,
,,,0.066420000000,   0.02400,
,,,0.066430000000,   0.02400,
,,,0.066440000000,   0.02400,
,,,0.066450000000,   0.02200,
,,,0.066460000000,   0.02400,
,,,0.066470000000,   0.02400,
,,,0.066480000000,   0.02400,
,,,0.066490000000,   0.02400,
